PlanID,OrderID,ProductName,Quantity,StartDate,EndDate,etc
1,1,단팥도넛,50,2024-01-01 8:00,2024-01-01 16:00,일반 작업 요청
2,2,단팥도넛,200,2024-01-01 8:00,2024-01-01 16:00,일반 작업 요청
3,3,고구마케이크빵,150,2024-01-01 8:00,2024-01-01 16:00,긴급 작업 요청
4,4,베이글빵,100,2024-01-02 8:00,2024-01-02 16:00,일반 작업 요청
5,5,베이글빵,50,2024-01-03 8:00,2024-01-03 16:00,일반 작업 요청
6,6,베이글빵,100,2024-01-03 8:00,2024-01-03 16:00,정시 납기 요구
7,7,캐찰빵,200,2024-01-03 8:00,2024-01-03 16:00,품질 검사 대기
8,8,꽈베기,50,2024-01-04 8:00,2024-01-04 16:00,정시 납기 요구
9,9,단팥도넛,100,2024-01-04 8:00,2024-01-04 16:00,긴급 작업 요청
10,10,베이글빵,100,2024-01-04 8:00,2024-01-04 16:00,일반 작업 요청
11,11,꽈베기,150,2024-01-05 8:00,2024-01-05 16:00,정시 납기 요구
12,12,생크림소보로,50,2024-01-06 8:00,2024-01-06 16:00,긴급 작업 요청
13,13,꽈베기,200,2024-01-06 8:00,2024-01-06 16:00,일반 작업 요청
14,14,베이글빵,150,2024-01-06 8:00,2024-01-06 16:00,정시 납기 요구
15,15,라우겐,150,2024-01-07 8:00,2024-01-07 16:00,특별 공정 필요
16,16,찹쌀브레드,200,2024-01-07 8:00,2024-01-07 16:00,특별 공정 필요
17,17,생크림소보로,150,2024-01-08 8:00,2024-01-08 16:00,긴급 작업 요청
18,18,캐찰빵,50,2024-01-09 8:00,2024-01-09 16:00,정시 납기 요구
19,19,갈릭꽈베기,50,2024-01-09 8:00,2024-01-09 16:00,긴급 작업 요청
20,20,꽈베기,100,2024-01-09 8:00,2024-01-09 16:00,정시 납기 요구
21,21,생크림소보로,100,2024-01-10 8:00,2024-01-10 16:00,특별 공정 필요
22,22,꿀버터바게트,100,2024-01-11 8:00,2024-01-11 16:00,일반 작업 요청
23,23,찹쌀브레드,50,2024-01-12 8:00,2024-01-12 16:00,품질 검사 대기
24,24,단팥도넛,200,2024-01-12 8:00,2024-01-12 16:00,일반 작업 요청
25,25,라우겐,100,2024-01-13 8:00,2024-01-13 16:00,일반 작업 요청
26,26,고구마케이크빵,100,2024-01-14 8:00,2024-01-14 16:00,특별 공정 필요
27,27,캐찰빵,100,2024-01-14 8:00,2024-01-14 16:00,정시 납기 요구
28,28,갈릭꽈베기,50,2024-01-15 8:00,2024-01-15 16:00,특별 공정 필요
29,29,꽈베기,50,2024-01-15 8:00,2024-01-15 16:00,품질 검사 대기
30,30,라우겐,100,2024-01-16 8:00,2024-01-16 16:00,특별 공정 필요
31,31,꽈베기,200,2024-01-16 8:00,2024-01-16 16:00,긴급 작업 요청
32,32,카라멜 러스크,50,2024-01-16 8:00,2024-01-16 16:00,긴급 작업 요청
33,33,꿀버터바게트,200,2024-01-17 8:00,2024-01-17 16:00,정시 납기 요구
34,34,라우겐,100,2024-01-17 8:00,2024-01-17 16:00,긴급 작업 요청
35,35,꿀버터바게트,100,2024-01-18 8:00,2024-01-18 16:00,특별 공정 필요
36,36,캐찰빵,200,2024-01-18 8:00,2024-01-18 16:00,특별 공정 필요
37,37,베이글빵,100,2024-01-18 8:00,2024-01-18 16:00,일반 작업 요청
38,38,우유도넛,150,2024-01-19 8:00,2024-01-19 16:00,긴급 작업 요청
39,39,캐찰빵,50,2024-01-19 8:00,2024-01-19 16:00,긴급 작업 요청
40,40,애플파이,100,2024-01-19 8:00,2024-01-19 16:00,특별 공정 필요
41,41,고구마케이크빵,50,2024-01-20 8:00,2024-01-20 16:00,정시 납기 요구
42,42,꿀버터바게트,100,2024-01-21 8:00,2024-01-21 16:00,품질 검사 대기
43,43,우유도넛,200,2024-01-21 8:00,2024-01-21 16:00,일반 작업 요청
44,44,우유도넛,150,2024-01-22 8:00,2024-01-22 16:00,긴급 작업 요청
45,45,생크림소보로,150,2024-01-22 8:00,2024-01-22 16:00,정시 납기 요구
46,46,라우겐,50,2024-01-23 8:00,2024-01-23 16:00,정시 납기 요구
47,47,라우겐,200,2024-01-23 8:00,2024-01-23 16:00,특별 공정 필요
48,48,우유도넛,50,2024-01-23 8:00,2024-01-23 16:00,특별 공정 필요
49,49,고구마케이크빵,200,2024-01-24 8:00,2024-01-24 16:00,품질 검사 대기
50,50,꽈베기,200,2024-01-24 8:00,2024-01-24 16:00,특별 공정 필요
51,51,고구마케이크빵,50,2024-01-24 8:00,2024-01-24 16:00,일반 작업 요청
52,52,애플파이,200,2024-01-25 8:00,2024-01-25 16:00,정시 납기 요구
53,53,고구마케이크빵,100,2024-01-25 8:00,2024-01-25 16:00,특별 공정 필요
54,54,고구마케이크빵,150,2024-01-26 8:00,2024-01-26 16:00,품질 검사 대기
55,55,꽈베기,200,2024-01-26 8:00,2024-01-26 16:00,긴급 작업 요청
56,56,우유도넛,100,2024-01-27 8:00,2024-01-27 16:00,품질 검사 대기
57,57,베이글빵,100,2024-01-27 8:00,2024-01-27 16:00,긴급 작업 요청
58,58,캐찰빵,150,2024-01-27 8:00,2024-01-27 16:00,특별 공정 필요
59,59,꽈베기,50,2024-01-28 8:00,2024-01-28 16:00,품질 검사 대기
60,60,베이글빵,200,2024-01-28 8:00,2024-01-28 16:00,정시 납기 요구
61,61,고구마케이크빵,100,2024-01-28 8:00,2024-01-28 16:00,품질 검사 대기
62,62,우유도넛,200,2024-01-29 8:00,2024-01-29 16:00,일반 작업 요청
63,63,꿀버터바게트,200,2024-01-30 8:00,2024-01-30 16:00,일반 작업 요청
64,64,생크림소보로,150,2024-01-30 8:00,2024-01-30 16:00,특별 공정 필요
65,65,라우겐,100,2024-01-31 8:00,2024-01-31 16:00,긴급 작업 요청
66,66,카라멜 러스크,50,2024-01-31 8:00,2024-01-31 16:00,품질 검사 대기
67,67,카라멜 러스크,100,2024-01-31 8:00,2024-01-31 16:00,특별 공정 필요
68,68,라우겐,100,2024-02-01 8:00,2024-02-01 16:00,긴급 작업 요청
69,69,우유도넛,150,2024-02-02 8:00,2024-02-02 16:00,일반 작업 요청
70,70,우유도넛,150,2024-02-03 8:00,2024-02-03 16:00,정시 납기 요구
71,71,갈릭꽈베기,100,2024-02-03 8:00,2024-02-03 16:00,품질 검사 대기
72,72,갈릭꽈베기,150,2024-02-03 8:00,2024-02-03 16:00,일반 작업 요청
73,73,꽈베기,50,2024-02-04 8:00,2024-02-04 16:00,품질 검사 대기
74,74,꽈베기,50,2024-02-05 8:00,2024-02-05 16:00,품질 검사 대기
75,75,꿀버터바게트,50,2024-02-05 8:00,2024-02-05 16:00,일반 작업 요청
76,76,꿀버터바게트,50,2024-02-05 8:00,2024-02-05 16:00,정시 납기 요구
77,77,고구마케이크빵,50,2024-02-06 8:00,2024-02-06 16:00,정시 납기 요구
78,78,고구마케이크빵,50,2024-02-07 8:00,2024-02-07 16:00,특별 공정 필요
79,79,갈릭꽈베기,150,2024-02-07 8:00,2024-02-07 16:00,긴급 작업 요청
80,80,생크림소보로,100,2024-02-08 8:00,2024-02-08 16:00,품질 검사 대기
81,81,꿀버터바게트,200,2024-02-08 8:00,2024-02-08 16:00,특별 공정 필요
82,82,생크림소보로,100,2024-02-09 8:00,2024-02-09 16:00,긴급 작업 요청
83,83,라우겐,50,2024-02-10 8:00,2024-02-10 16:00,정시 납기 요구
84,84,라우겐,150,2024-02-10 8:00,2024-02-10 16:00,일반 작업 요청
85,85,우유도넛,100,2024-02-10 8:00,2024-02-10 16:00,긴급 작업 요청
86,86,꿀버터바게트,200,2024-02-11 8:00,2024-02-11 16:00,일반 작업 요청
87,87,카라멜 러스크,50,2024-02-11 8:00,2024-02-11 16:00,긴급 작업 요청
88,88,꽈베기,200,2024-02-11 8:00,2024-02-11 16:00,품질 검사 대기
89,89,캐찰빵,200,2024-02-12 8:00,2024-02-12 16:00,정시 납기 요구
90,90,단팥도넛,200,2024-02-12 8:00,2024-02-12 16:00,정시 납기 요구
91,91,갈릭꽈베기,50,2024-02-12 8:00,2024-02-12 16:00,일반 작업 요청
92,92,고구마케이크빵,50,2024-02-13 8:00,2024-02-13 16:00,품질 검사 대기
93,93,생크림소보로,200,2024-02-14 8:00,2024-02-14 16:00,정시 납기 요구
94,94,꿀버터바게트,200,2024-02-14 8:00,2024-02-14 16:00,품질 검사 대기
95,95,꿀버터바게트,100,2024-02-15 8:00,2024-02-15 16:00,정시 납기 요구
96,96,우유도넛,200,2024-02-16 8:00,2024-02-16 16:00,정시 납기 요구
97,97,생크림소보로,150,2024-02-17 8:00,2024-02-17 16:00,일반 작업 요청
98,98,베이글빵,50,2024-02-17 8:00,2024-02-17 16:00,특별 공정 필요
99,99,찹쌀브레드,150,2024-02-18 8:00,2024-02-18 16:00,긴급 작업 요청
100,100,라우겐,50,2024-02-19 8:00,2024-02-19 16:00,긴급 작업 요청
101,101,라우겐,200,2024-02-20 8:00,2024-02-20 16:00,정시 납기 요구
102,102,고구마케이크빵,150,2024-02-21 8:00,2024-02-21 16:00,일반 작업 요청
103,103,찹쌀브레드,200,2024-02-22 8:00,2024-02-22 16:00,정시 납기 요구
104,104,찹쌀브레드,150,2024-02-22 8:00,2024-02-22 16:00,일반 작업 요청
105,105,카라멜 러스크,50,2024-02-23 8:00,2024-02-23 16:00,특별 공정 필요
106,106,베이글빵,50,2024-02-23 8:00,2024-02-23 16:00,긴급 작업 요청
107,107,라우겐,100,2024-02-24 8:00,2024-02-24 16:00,품질 검사 대기
108,108,베이글빵,200,2024-02-25 8:00,2024-02-25 16:00,긴급 작업 요청
109,109,우유도넛,200,2024-02-26 8:00,2024-02-26 16:00,정시 납기 요구
110,110,꿀버터바게트,100,2024-02-26 8:00,2024-02-26 16:00,특별 공정 필요
111,111,찹쌀브레드,200,2024-02-26 8:00,2024-02-26 16:00,긴급 작업 요청
112,112,생크림소보로,150,2024-02-27 8:00,2024-02-27 16:00,긴급 작업 요청
113,113,생크림소보로,100,2024-02-27 8:00,2024-02-27 16:00,품질 검사 대기
114,114,단팥도넛,100,2024-02-27 8:00,2024-02-27 16:00,품질 검사 대기
115,115,우유도넛,50,2024-02-28 8:00,2024-02-28 16:00,품질 검사 대기
116,116,찹쌀브레드,200,2024-02-28 8:00,2024-02-28 16:00,정시 납기 요구
117,117,베이글빵,100,2024-02-29 8:00,2024-02-29 16:00,정시 납기 요구
118,118,찹쌀브레드,150,2024-02-29 8:00,2024-02-29 16:00,일반 작업 요청
119,119,찹쌀브레드,150,2024-03-01 8:00,2024-03-01 16:00,일반 작업 요청
120,120,단팥도넛,100,2024-03-01 8:00,2024-03-01 16:00,일반 작업 요청
121,121,카라멜 러스크,150,2024-03-01 8:00,2024-03-01 16:00,정시 납기 요구
122,122,꽈베기,50,2024-03-02 8:00,2024-03-02 16:00,정시 납기 요구
123,123,카라멜 러스크,200,2024-03-02 8:00,2024-03-02 16:00,일반 작업 요청
124,124,캐찰빵,100,2024-03-02 8:00,2024-03-02 16:00,정시 납기 요구
125,125,라우겐,150,2024-03-03 8:00,2024-03-03 16:00,품질 검사 대기
126,126,꿀버터바게트,50,2024-03-04 8:00,2024-03-04 16:00,긴급 작업 요청
127,127,우유도넛,50,2024-03-05 8:00,2024-03-05 16:00,정시 납기 요구
128,128,캐찰빵,100,2024-03-05 8:00,2024-03-05 16:00,특별 공정 필요
129,129,단팥도넛,100,2024-03-06 8:00,2024-03-06 16:00,특별 공정 필요
130,130,캐찰빵,200,2024-03-07 8:00,2024-03-07 16:00,특별 공정 필요
131,131,갈릭꽈베기,200,2024-03-07 8:00,2024-03-07 16:00,정시 납기 요구
132,132,우유도넛,200,2024-03-07 8:00,2024-03-07 16:00,일반 작업 요청
133,133,애플파이,200,2024-03-08 8:00,2024-03-08 16:00,일반 작업 요청
134,134,카라멜 러스크,200,2024-03-08 8:00,2024-03-08 16:00,긴급 작업 요청
135,135,생크림소보로,50,2024-03-09 8:00,2024-03-09 16:00,특별 공정 필요
136,136,애플파이,200,2024-03-10 8:00,2024-03-10 16:00,정시 납기 요구
137,137,꽈베기,150,2024-03-10 8:00,2024-03-10 16:00,긴급 작업 요청
138,138,꽈베기,150,2024-03-10 8:00,2024-03-10 16:00,특별 공정 필요
139,139,꽈베기,200,2024-03-11 8:00,2024-03-11 16:00,특별 공정 필요
140,140,라우겐,50,2024-03-11 8:00,2024-03-11 16:00,특별 공정 필요
141,141,라우겐,150,2024-03-12 8:00,2024-03-12 16:00,일반 작업 요청
142,142,우유도넛,200,2024-03-13 8:00,2024-03-13 16:00,품질 검사 대기
143,143,카라멜 러스크,150,2024-03-13 8:00,2024-03-13 16:00,품질 검사 대기
144,144,애플파이,200,2024-03-13 8:00,2024-03-13 16:00,특별 공정 필요
145,145,생크림소보로,200,2024-03-14 8:00,2024-03-14 16:00,특별 공정 필요
146,146,애플파이,100,2024-03-15 8:00,2024-03-15 16:00,정시 납기 요구
147,147,꽈베기,200,2024-03-16 8:00,2024-03-16 16:00,품질 검사 대기
148,148,갈릭꽈베기,150,2024-03-16 8:00,2024-03-16 16:00,긴급 작업 요청
149,149,갈릭꽈베기,200,2024-03-17 8:00,2024-03-17 16:00,정시 납기 요구
150,150,캐찰빵,150,2024-03-17 8:00,2024-03-17 16:00,긴급 작업 요청
151,151,애플파이,150,2024-03-18 8:00,2024-03-18 16:00,특별 공정 필요
152,152,라우겐,150,2024-03-18 8:00,2024-03-18 16:00,일반 작업 요청
153,153,베이글빵,50,2024-03-19 8:00,2024-03-19 16:00,긴급 작업 요청
154,154,단팥도넛,150,2024-03-19 8:00,2024-03-19 16:00,특별 공정 필요
155,155,생크림소보로,50,2024-03-20 8:00,2024-03-20 16:00,특별 공정 필요
156,156,갈릭꽈베기,150,2024-03-21 8:00,2024-03-21 16:00,긴급 작업 요청
157,157,갈릭꽈베기,150,2024-03-21 8:00,2024-03-21 16:00,품질 검사 대기
158,158,우유도넛,150,2024-03-21 8:00,2024-03-21 16:00,일반 작업 요청
159,159,갈릭꽈베기,150,2024-03-22 8:00,2024-03-22 16:00,품질 검사 대기
160,160,꿀버터바게트,100,2024-03-23 8:00,2024-03-23 16:00,품질 검사 대기
161,161,고구마케이크빵,100,2024-03-23 8:00,2024-03-23 16:00,품질 검사 대기
162,162,우유도넛,200,2024-03-24 8:00,2024-03-24 16:00,일반 작업 요청
163,163,라우겐,100,2024-03-24 8:00,2024-03-24 16:00,긴급 작업 요청
164,164,베이글빵,100,2024-03-24 8:00,2024-03-24 16:00,긴급 작업 요청
165,165,갈릭꽈베기,100,2024-03-25 8:00,2024-03-25 16:00,정시 납기 요구
166,166,단팥도넛,100,2024-03-25 8:00,2024-03-25 16:00,일반 작업 요청
167,167,베이글빵,50,2024-03-25 8:00,2024-03-25 16:00,일반 작업 요청
168,168,생크림소보로,100,2024-03-26 8:00,2024-03-26 16:00,일반 작업 요청
169,169,꽈베기,200,2024-03-26 8:00,2024-03-26 16:00,긴급 작업 요청
170,170,카라멜 러스크,100,2024-03-26 8:00,2024-03-26 16:00,특별 공정 필요
171,171,캐찰빵,50,2024-03-27 8:00,2024-03-27 16:00,정시 납기 요구
172,172,애플파이,100,2024-03-27 8:00,2024-03-27 16:00,특별 공정 필요
173,173,베이글빵,150,2024-03-28 8:00,2024-03-28 16:00,긴급 작업 요청
174,174,꿀버터바게트,50,2024-03-29 8:00,2024-03-29 16:00,품질 검사 대기
175,175,고구마케이크빵,50,2024-03-29 8:00,2024-03-29 16:00,품질 검사 대기
176,176,생크림소보로,50,2024-03-30 8:00,2024-03-30 16:00,일반 작업 요청
177,177,캐찰빵,50,2024-03-31 8:00,2024-03-31 16:00,특별 공정 필요
178,178,꿀버터바게트,150,2024-03-31 8:00,2024-03-31 16:00,일반 작업 요청
179,179,꽈베기,100,2024-04-01 8:00,2024-04-01 16:00,일반 작업 요청
180,180,캐찰빵,100,2024-04-01 8:00,2024-04-01 16:00,특별 공정 필요
181,181,베이글빵,150,2024-04-01 8:00,2024-04-01 16:00,일반 작업 요청
182,182,베이글빵,100,2024-04-02 8:00,2024-04-02 16:00,특별 공정 필요
183,183,찹쌀브레드,100,2024-04-03 8:00,2024-04-03 16:00,특별 공정 필요
184,184,생크림소보로,50,2024-04-03 8:00,2024-04-03 16:00,정시 납기 요구
185,185,갈릭꽈베기,50,2024-04-03 8:00,2024-04-03 16:00,품질 검사 대기
186,186,우유도넛,200,2024-04-04 8:00,2024-04-04 16:00,특별 공정 필요
187,187,애플파이,150,2024-04-04 8:00,2024-04-04 16:00,일반 작업 요청
188,188,찹쌀브레드,100,2024-04-05 8:00,2024-04-05 16:00,일반 작업 요청
189,189,꿀버터바게트,200,2024-04-05 8:00,2024-04-05 16:00,일반 작업 요청
190,190,베이글빵,50,2024-04-06 8:00,2024-04-06 16:00,특별 공정 필요
191,191,단팥도넛,150,2024-04-06 8:00,2024-04-06 16:00,긴급 작업 요청
192,192,라우겐,100,2024-04-07 8:00,2024-04-07 16:00,긴급 작업 요청
193,193,캐찰빵,100,2024-04-08 8:00,2024-04-08 16:00,품질 검사 대기
194,194,생크림소보로,150,2024-04-09 8:00,2024-04-09 16:00,품질 검사 대기
195,195,꿀버터바게트,50,2024-04-10 8:00,2024-04-10 16:00,품질 검사 대기
196,196,생크림소보로,50,2024-04-10 8:00,2024-04-10 16:00,긴급 작업 요청
197,197,베이글빵,150,2024-04-11 8:00,2024-04-11 16:00,품질 검사 대기
198,198,라우겐,100,2024-04-12 8:00,2024-04-12 16:00,정시 납기 요구
199,199,애플파이,200,2024-04-12 8:00,2024-04-12 16:00,정시 납기 요구
200,200,갈릭꽈베기,150,2024-04-12 8:00,2024-04-12 16:00,특별 공정 필요
201,201,고구마케이크빵,100,2024-04-13 8:00,2024-04-13 16:00,정시 납기 요구
202,202,캐찰빵,50,2024-04-13 8:00,2024-04-13 16:00,정시 납기 요구
203,203,생크림소보로,150,2024-04-14 8:00,2024-04-14 16:00,정시 납기 요구
204,204,갈릭꽈베기,100,2024-04-15 8:00,2024-04-15 16:00,정시 납기 요구
205,205,갈릭꽈베기,200,2024-04-15 8:00,2024-04-15 16:00,일반 작업 요청
206,206,카라멜 러스크,50,2024-04-15 8:00,2024-04-15 16:00,특별 공정 필요
207,207,라우겐,150,2024-04-16 8:00,2024-04-16 16:00,긴급 작업 요청
208,208,베이글빵,100,2024-04-16 8:00,2024-04-16 16:00,품질 검사 대기
209,209,우유도넛,100,2024-04-17 8:00,2024-04-17 16:00,특별 공정 필요
210,210,카라멜 러스크,50,2024-04-18 8:00,2024-04-18 16:00,품질 검사 대기
211,211,캐찰빵,200,2024-04-18 8:00,2024-04-18 16:00,정시 납기 요구
212,212,단팥도넛,150,2024-04-19 8:00,2024-04-19 16:00,품질 검사 대기
213,213,캐찰빵,150,2024-04-19 8:00,2024-04-19 16:00,품질 검사 대기
214,214,애플파이,100,2024-04-20 8:00,2024-04-20 16:00,특별 공정 필요
215,215,생크림소보로,50,2024-04-21 8:00,2024-04-21 16:00,특별 공정 필요
216,216,꿀버터바게트,50,2024-04-22 8:00,2024-04-22 16:00,일반 작업 요청
217,217,꽈베기,200,2024-04-22 8:00,2024-04-22 16:00,일반 작업 요청
218,218,카라멜 러스크,50,2024-04-23 8:00,2024-04-23 16:00,특별 공정 필요
219,219,찹쌀브레드,150,2024-04-24 8:00,2024-04-24 16:00,일반 작업 요청
220,220,베이글빵,200,2024-04-24 8:00,2024-04-24 16:00,특별 공정 필요
221,221,꿀버터바게트,150,2024-04-24 8:00,2024-04-24 16:00,특별 공정 필요
222,222,찹쌀브레드,200,2024-04-25 8:00,2024-04-25 16:00,정시 납기 요구
223,223,생크림소보로,150,2024-04-26 8:00,2024-04-26 16:00,특별 공정 필요
224,224,고구마케이크빵,100,2024-04-26 8:00,2024-04-26 16:00,일반 작업 요청
225,225,라우겐,100,2024-04-27 8:00,2024-04-27 16:00,특별 공정 필요
226,226,베이글빵,150,2024-04-28 8:00,2024-04-28 16:00,특별 공정 필요
227,227,찹쌀브레드,100,2024-04-28 8:00,2024-04-28 16:00,특별 공정 필요
228,228,단팥도넛,200,2024-04-28 8:00,2024-04-28 16:00,정시 납기 요구
229,229,캐찰빵,100,2024-04-29 8:00,2024-04-29 16:00,일반 작업 요청
230,230,꽈베기,150,2024-04-29 8:00,2024-04-29 16:00,긴급 작업 요청
231,231,꿀버터바게트,150,2024-04-30 8:00,2024-04-30 16:00,일반 작업 요청
232,232,갈릭꽈베기,200,2024-04-30 8:00,2024-04-30 16:00,정시 납기 요구
233,233,애플파이,200,2024-05-01 8:00,2024-05-01 16:00,특별 공정 필요
234,234,카라멜 러스크,50,2024-05-02 8:00,2024-05-02 16:00,긴급 작업 요청
235,235,캐찰빵,100,2024-05-02 8:00,2024-05-02 16:00,일반 작업 요청
236,236,애플파이,100,2024-05-02 8:00,2024-05-02 16:00,긴급 작업 요청
237,237,생크림소보로,100,2024-05-03 8:00,2024-05-03 16:00,특별 공정 필요
238,238,라우겐,50,2024-05-04 8:00,2024-05-04 16:00,품질 검사 대기
239,239,라우겐,200,2024-05-04 8:00,2024-05-04 16:00,긴급 작업 요청
240,240,베이글빵,150,2024-05-05 8:00,2024-05-05 16:00,긴급 작업 요청
241,241,꿀버터바게트,100,2024-05-05 8:00,2024-05-05 16:00,특별 공정 필요
242,242,카라멜 러스크,200,2024-05-06 8:00,2024-05-06 16:00,긴급 작업 요청
243,243,찹쌀브레드,50,2024-05-06 8:00,2024-05-06 16:00,일반 작업 요청
244,244,카라멜 러스크,150,2024-05-07 8:00,2024-05-07 16:00,일반 작업 요청
245,245,단팥도넛,50,2024-05-07 8:00,2024-05-07 16:00,긴급 작업 요청
246,246,찹쌀브레드,50,2024-05-08 8:00,2024-05-08 16:00,정시 납기 요구
247,247,갈릭꽈베기,200,2024-05-08 8:00,2024-05-08 16:00,일반 작업 요청
248,248,단팥도넛,50,2024-05-09 8:00,2024-05-09 16:00,품질 검사 대기
249,249,애플파이,100,2024-05-09 8:00,2024-05-09 16:00,정시 납기 요구
250,250,갈릭꽈베기,200,2024-05-10 8:00,2024-05-10 16:00,특별 공정 필요
251,251,갈릭꽈베기,50,2024-05-11 8:00,2024-05-11 16:00,품질 검사 대기
252,252,꿀버터바게트,100,2024-05-11 8:00,2024-05-11 16:00,정시 납기 요구
253,253,베이글빵,100,2024-05-11 8:00,2024-05-11 16:00,품질 검사 대기
254,254,생크림소보로,150,2024-05-12 8:00,2024-05-12 16:00,특별 공정 필요
255,255,애플파이,200,2024-05-12 8:00,2024-05-12 16:00,정시 납기 요구
256,256,고구마케이크빵,100,2024-05-13 8:00,2024-05-13 16:00,품질 검사 대기
257,257,갈릭꽈베기,100,2024-05-14 8:00,2024-05-14 16:00,일반 작업 요청
258,258,라우겐,200,2024-05-14 8:00,2024-05-14 16:00,정시 납기 요구
259,259,단팥도넛,200,2024-05-15 8:00,2024-05-15 16:00,정시 납기 요구
260,260,단팥도넛,100,2024-05-15 8:00,2024-05-15 16:00,정시 납기 요구
261,261,애플파이,200,2024-05-16 8:00,2024-05-16 16:00,특별 공정 필요
262,262,애플파이,200,2024-05-16 8:00,2024-05-16 16:00,일반 작업 요청
263,263,갈릭꽈베기,200,2024-05-17 8:00,2024-05-17 16:00,일반 작업 요청
264,264,고구마케이크빵,50,2024-05-18 8:00,2024-05-18 16:00,일반 작업 요청
265,265,캐찰빵,100,2024-05-18 8:00,2024-05-18 16:00,특별 공정 필요
266,266,우유도넛,50,2024-05-18 8:00,2024-05-18 16:00,정시 납기 요구
267,267,고구마케이크빵,50,2024-05-19 8:00,2024-05-19 16:00,긴급 작업 요청
268,268,꿀버터바게트,150,2024-05-19 8:00,2024-05-19 16:00,정시 납기 요구
269,269,갈릭꽈베기,100,2024-05-19 8:00,2024-05-19 16:00,정시 납기 요구
270,270,라우겐,200,2024-05-20 8:00,2024-05-20 16:00,특별 공정 필요
271,271,고구마케이크빵,100,2024-05-20 8:00,2024-05-20 16:00,일반 작업 요청
272,272,라우겐,150,2024-05-21 8:00,2024-05-21 16:00,긴급 작업 요청
273,273,베이글빵,50,2024-05-21 8:00,2024-05-21 16:00,특별 공정 필요
274,274,캐찰빵,50,2024-05-22 8:00,2024-05-22 16:00,특별 공정 필요
275,275,카라멜 러스크,150,2024-05-23 8:00,2024-05-23 16:00,특별 공정 필요
276,276,라우겐,100,2024-05-24 8:00,2024-05-24 16:00,정시 납기 요구
277,277,찹쌀브레드,200,2024-05-24 8:00,2024-05-24 16:00,일반 작업 요청
278,278,갈릭꽈베기,50,2024-05-25 8:00,2024-05-25 16:00,정시 납기 요구
279,279,단팥도넛,100,2024-05-26 8:00,2024-05-26 16:00,품질 검사 대기
280,280,라우겐,150,2024-05-26 8:00,2024-05-26 16:00,일반 작업 요청
281,281,꿀버터바게트,100,2024-05-26 8:00,2024-05-26 16:00,일반 작업 요청
282,282,애플파이,150,2024-05-27 8:00,2024-05-27 16:00,품질 검사 대기
283,283,단팥도넛,150,2024-05-28 8:00,2024-05-28 16:00,품질 검사 대기
284,284,꿀버터바게트,200,2024-05-28 8:00,2024-05-28 16:00,특별 공정 필요
285,285,꽈베기,50,2024-05-28 8:00,2024-05-28 16:00,품질 검사 대기
286,286,우유도넛,100,2024-05-29 8:00,2024-05-29 16:00,정시 납기 요구
287,287,애플파이,150,2024-05-29 8:00,2024-05-29 16:00,정시 납기 요구
288,288,생크림소보로,200,2024-05-29 8:00,2024-05-29 16:00,정시 납기 요구
289,289,캐찰빵,100,2024-05-30 8:00,2024-05-30 16:00,정시 납기 요구
290,290,우유도넛,50,2024-05-31 8:00,2024-05-31 16:00,긴급 작업 요청
291,291,베이글빵,150,2024-06-01 8:00,2024-06-01 16:00,일반 작업 요청
292,292,카라멜 러스크,150,2024-06-01 8:00,2024-06-01 16:00,특별 공정 필요
293,293,카라멜 러스크,150,2024-06-01 8:00,2024-06-01 16:00,긴급 작업 요청
294,294,갈릭꽈베기,50,2024-06-02 8:00,2024-06-02 16:00,정시 납기 요구
295,295,꽈베기,50,2024-06-02 8:00,2024-06-02 16:00,품질 검사 대기
296,296,꽈베기,50,2024-06-03 8:00,2024-06-03 16:00,특별 공정 필요
297,297,단팥도넛,150,2024-06-03 8:00,2024-06-03 16:00,정시 납기 요구
298,298,캐찰빵,150,2024-06-04 8:00,2024-06-04 16:00,일반 작업 요청
299,299,우유도넛,50,2024-06-05 8:00,2024-06-05 16:00,긴급 작업 요청
300,300,고구마케이크빵,150,2024-06-06 8:00,2024-06-06 16:00,특별 공정 필요
301,301,꽈베기,200,2024-06-07 8:00,2024-06-07 16:00,긴급 작업 요청
302,302,우유도넛,100,2024-06-07 8:00,2024-06-07 16:00,특별 공정 필요
303,303,생크림소보로,100,2024-06-07 8:00,2024-06-07 16:00,품질 검사 대기
304,304,우유도넛,50,2024-06-08 8:00,2024-06-08 16:00,품질 검사 대기
305,305,라우겐,150,2024-06-08 8:00,2024-06-08 16:00,품질 검사 대기
306,306,카라멜 러스크,200,2024-06-08 8:00,2024-06-08 16:00,긴급 작업 요청
307,307,애플파이,200,2024-06-09 8:00,2024-06-09 16:00,정시 납기 요구
308,308,찹쌀브레드,200,2024-06-10 8:00,2024-06-10 16:00,품질 검사 대기
309,309,꽈베기,100,2024-06-11 8:00,2024-06-11 16:00,긴급 작업 요청
310,310,고구마케이크빵,100,2024-06-11 8:00,2024-06-11 16:00,일반 작업 요청
311,311,라우겐,200,2024-06-11 8:00,2024-06-11 16:00,일반 작업 요청
312,312,캐찰빵,150,2024-06-12 8:00,2024-06-12 16:00,일반 작업 요청
313,313,우유도넛,150,2024-06-12 8:00,2024-06-12 16:00,긴급 작업 요청
314,314,애플파이,100,2024-06-13 8:00,2024-06-13 16:00,일반 작업 요청
315,315,단팥도넛,200,2024-06-13 8:00,2024-06-13 16:00,긴급 작업 요청
316,316,생크림소보로,200,2024-06-13 8:00,2024-06-13 16:00,특별 공정 필요
317,317,단팥도넛,200,2024-06-14 8:00,2024-06-14 16:00,특별 공정 필요
318,318,단팥도넛,100,2024-06-14 8:00,2024-06-14 16:00,특별 공정 필요
319,319,라우겐,50,2024-06-14 8:00,2024-06-14 16:00,정시 납기 요구
320,320,애플파이,200,2024-06-15 8:00,2024-06-15 16:00,특별 공정 필요
321,321,애플파이,50,2024-06-15 8:00,2024-06-15 16:00,일반 작업 요청
322,322,단팥도넛,200,2024-06-15 8:00,2024-06-15 16:00,품질 검사 대기
323,323,꽈베기,150,2024-06-16 8:00,2024-06-16 16:00,긴급 작업 요청
324,324,생크림소보로,150,2024-06-17 8:00,2024-06-17 16:00,일반 작업 요청
325,325,생크림소보로,200,2024-06-18 8:00,2024-06-18 16:00,정시 납기 요구
326,326,우유도넛,50,2024-06-18 8:00,2024-06-18 16:00,긴급 작업 요청
327,327,단팥도넛,150,2024-06-18 8:00,2024-06-18 16:00,일반 작업 요청
328,328,카라멜 러스크,50,2024-06-19 8:00,2024-06-19 16:00,품질 검사 대기
329,329,찹쌀브레드,150,2024-06-20 8:00,2024-06-20 16:00,품질 검사 대기
330,330,애플파이,100,2024-06-20 8:00,2024-06-20 16:00,긴급 작업 요청
331,331,단팥도넛,200,2024-06-20 8:00,2024-06-20 16:00,품질 검사 대기
332,332,꽈베기,200,2024-06-21 8:00,2024-06-21 16:00,긴급 작업 요청
333,333,갈릭꽈베기,150,2024-06-21 8:00,2024-06-21 16:00,정시 납기 요구
334,334,단팥도넛,150,2024-06-21 8:00,2024-06-21 16:00,품질 검사 대기
335,335,꿀버터바게트,150,2024-06-22 8:00,2024-06-22 16:00,특별 공정 필요
336,336,베이글빵,200,2024-06-23 8:00,2024-06-23 16:00,품질 검사 대기
337,337,라우겐,100,2024-06-23 8:00,2024-06-23 16:00,정시 납기 요구
338,338,카라멜 러스크,200,2024-06-23 8:00,2024-06-23 16:00,일반 작업 요청
339,339,베이글빵,200,2024-06-24 8:00,2024-06-24 16:00,정시 납기 요구
340,340,라우겐,50,2024-06-25 8:00,2024-06-25 16:00,긴급 작업 요청
341,341,캐찰빵,100,2024-06-25 8:00,2024-06-25 16:00,긴급 작업 요청
342,342,찹쌀브레드,200,2024-06-25 8:00,2024-06-25 16:00,긴급 작업 요청
343,343,단팥도넛,200,2024-06-26 8:00,2024-06-26 16:00,특별 공정 필요
344,344,라우겐,200,2024-06-27 8:00,2024-06-27 16:00,품질 검사 대기
345,345,꽈베기,100,2024-06-27 8:00,2024-06-27 16:00,일반 작업 요청
346,346,베이글빵,100,2024-06-27 8:00,2024-06-27 16:00,특별 공정 필요
347,347,애플파이,150,2024-06-28 8:00,2024-06-28 16:00,정시 납기 요구
348,348,라우겐,200,2024-06-28 8:00,2024-06-28 16:00,일반 작업 요청
349,349,생크림소보로,150,2024-06-28 8:00,2024-06-28 16:00,품질 검사 대기
350,350,캐찰빵,150,2024-06-29 8:00,2024-06-29 16:00,긴급 작업 요청
351,351,카라멜 러스크,150,2024-06-29 8:00,2024-06-29 16:00,일반 작업 요청
352,352,꿀버터바게트,200,2024-06-30 8:00,2024-06-30 16:00,정시 납기 요구
353,353,꿀버터바게트,100,2024-06-30 8:00,2024-06-30 16:00,일반 작업 요청
354,354,라우겐,50,2024-06-30 8:00,2024-06-30 16:00,일반 작업 요청
355,355,우유도넛,150,2024-07-01 8:00,2024-07-01 16:00,품질 검사 대기
356,356,찹쌀브레드,200,2024-07-01 8:00,2024-07-01 16:00,정시 납기 요구
357,357,갈릭꽈베기,50,2024-07-02 8:00,2024-07-02 16:00,품질 검사 대기
358,358,갈릭꽈베기,200,2024-07-02 8:00,2024-07-02 16:00,일반 작업 요청
359,359,우유도넛,50,2024-07-02 8:00,2024-07-02 16:00,일반 작업 요청
360,360,고구마케이크빵,200,2024-07-03 8:00,2024-07-03 16:00,특별 공정 필요
361,361,카라멜 러스크,100,2024-07-03 8:00,2024-07-03 16:00,일반 작업 요청
362,362,캐찰빵,100,2024-07-04 8:00,2024-07-04 16:00,특별 공정 필요
363,363,갈릭꽈베기,150,2024-07-04 8:00,2024-07-04 16:00,특별 공정 필요
364,364,고구마케이크빵,100,2024-07-04 8:00,2024-07-04 16:00,정시 납기 요구
365,365,베이글빵,150,2024-07-05 8:00,2024-07-05 16:00,정시 납기 요구
366,366,찹쌀브레드,50,2024-07-06 8:00,2024-07-06 16:00,특별 공정 필요
367,367,단팥도넛,200,2024-07-06 8:00,2024-07-06 16:00,특별 공정 필요
368,368,라우겐,100,2024-07-06 8:00,2024-07-06 16:00,특별 공정 필요
369,369,캐찰빵,100,2024-07-07 8:00,2024-07-07 16:00,특별 공정 필요
370,370,캐찰빵,150,2024-07-07 8:00,2024-07-07 16:00,특별 공정 필요
371,371,꿀버터바게트,100,2024-07-07 8:00,2024-07-07 16:00,품질 검사 대기
372,372,캐찰빵,100,2024-07-08 8:00,2024-07-08 16:00,정시 납기 요구
373,373,우유도넛,150,2024-07-08 8:00,2024-07-08 16:00,긴급 작업 요청
374,374,꽈베기,100,2024-07-08 8:00,2024-07-08 16:00,긴급 작업 요청
375,375,찹쌀브레드,200,2024-07-09 8:00,2024-07-09 16:00,긴급 작업 요청
376,376,애플파이,150,2024-07-09 8:00,2024-07-09 16:00,특별 공정 필요
377,377,라우겐,50,2024-07-10 8:00,2024-07-10 16:00,품질 검사 대기
378,378,베이글빵,100,2024-07-10 8:00,2024-07-10 16:00,특별 공정 필요
379,379,꿀버터바게트,150,2024-07-10 8:00,2024-07-10 16:00,품질 검사 대기
380,380,캐찰빵,150,2024-07-11 8:00,2024-07-11 16:00,긴급 작업 요청
381,381,애플파이,200,2024-07-12 8:00,2024-07-12 16:00,긴급 작업 요청
382,382,갈릭꽈베기,200,2024-07-13 8:00,2024-07-13 16:00,정시 납기 요구
383,383,애플파이,50,2024-07-13 8:00,2024-07-13 16:00,긴급 작업 요청
384,384,베이글빵,200,2024-07-13 8:00,2024-07-13 16:00,정시 납기 요구
385,385,갈릭꽈베기,150,2024-07-14 8:00,2024-07-14 16:00,긴급 작업 요청
386,386,꽈베기,100,2024-07-14 8:00,2024-07-14 16:00,긴급 작업 요청
387,387,우유도넛,50,2024-07-15 8:00,2024-07-15 16:00,일반 작업 요청
388,388,꿀버터바게트,50,2024-07-15 8:00,2024-07-15 16:00,일반 작업 요청
389,389,생크림소보로,150,2024-07-15 8:00,2024-07-15 16:00,특별 공정 필요
390,390,꽈베기,50,2024-07-16 8:00,2024-07-16 16:00,일반 작업 요청
391,391,라우겐,200,2024-07-16 8:00,2024-07-16 16:00,특별 공정 필요
392,392,갈릭꽈베기,100,2024-07-17 8:00,2024-07-17 16:00,특별 공정 필요
393,393,생크림소보로,100,2024-07-18 8:00,2024-07-18 16:00,정시 납기 요구
394,394,애플파이,50,2024-07-19 8:00,2024-07-19 16:00,일반 작업 요청
395,395,고구마케이크빵,50,2024-07-19 8:00,2024-07-19 16:00,일반 작업 요청
396,396,베이글빵,100,2024-07-20 8:00,2024-07-20 16:00,일반 작업 요청
397,397,갈릭꽈베기,200,2024-07-21 8:00,2024-07-21 16:00,긴급 작업 요청
398,398,우유도넛,100,2024-07-21 8:00,2024-07-21 16:00,품질 검사 대기
399,399,찹쌀브레드,150,2024-07-21 8:00,2024-07-21 16:00,특별 공정 필요
400,400,베이글빵,50,2024-07-22 8:00,2024-07-22 16:00,특별 공정 필요
401,401,라우겐,100,2024-07-23 8:00,2024-07-23 16:00,품질 검사 대기
402,402,우유도넛,150,2024-07-23 8:00,2024-07-23 16:00,긴급 작업 요청
403,403,애플파이,150,2024-07-24 8:00,2024-07-24 16:00,품질 검사 대기
404,404,캐찰빵,150,2024-07-24 8:00,2024-07-24 16:00,정시 납기 요구
405,405,꿀버터바게트,150,2024-07-25 8:00,2024-07-25 16:00,긴급 작업 요청
406,406,생크림소보로,50,2024-07-25 8:00,2024-07-25 16:00,품질 검사 대기
407,407,찹쌀브레드,200,2024-07-26 8:00,2024-07-26 16:00,특별 공정 필요
408,408,고구마케이크빵,150,2024-07-27 8:00,2024-07-27 16:00,일반 작업 요청
409,409,꽈베기,100,2024-07-27 8:00,2024-07-27 16:00,정시 납기 요구
410,410,생크림소보로,150,2024-07-28 8:00,2024-07-28 16:00,정시 납기 요구
411,411,베이글빵,50,2024-07-29 8:00,2024-07-29 16:00,특별 공정 필요
412,412,라우겐,150,2024-07-30 8:00,2024-07-30 16:00,품질 검사 대기
413,413,단팥도넛,50,2024-07-30 8:00,2024-07-30 16:00,긴급 작업 요청
414,414,갈릭꽈베기,100,2024-07-31 8:00,2024-07-31 16:00,긴급 작업 요청
415,415,우유도넛,100,2024-07-31 8:00,2024-07-31 16:00,긴급 작업 요청
416,416,카라멜 러스크,50,2024-07-31 8:00,2024-07-31 16:00,정시 납기 요구
417,417,우유도넛,100,2024-08-01 8:00,2024-08-01 16:00,긴급 작업 요청
418,418,라우겐,100,2024-08-01 8:00,2024-08-01 16:00,정시 납기 요구
419,419,카라멜 러스크,100,2024-08-01 8:00,2024-08-01 16:00,품질 검사 대기
420,420,카라멜 러스크,100,2024-08-02 8:00,2024-08-02 16:00,긴급 작업 요청
421,421,고구마케이크빵,100,2024-08-02 8:00,2024-08-02 16:00,품질 검사 대기
422,422,베이글빵,200,2024-08-03 8:00,2024-08-03 16:00,품질 검사 대기
423,423,생크림소보로,200,2024-08-03 8:00,2024-08-03 16:00,일반 작업 요청
424,424,우유도넛,100,2024-08-04 8:00,2024-08-04 16:00,특별 공정 필요
425,425,갈릭꽈베기,200,2024-08-04 8:00,2024-08-04 16:00,일반 작업 요청
426,426,생크림소보로,200,2024-08-05 8:00,2024-08-05 16:00,품질 검사 대기
427,427,갈릭꽈베기,100,2024-08-06 8:00,2024-08-06 16:00,일반 작업 요청
428,428,찹쌀브레드,200,2024-08-06 8:00,2024-08-06 16:00,정시 납기 요구
429,429,꽈베기,100,2024-08-07 8:00,2024-08-07 16:00,정시 납기 요구
430,430,꽈베기,200,2024-08-07 8:00,2024-08-07 16:00,정시 납기 요구
431,431,라우겐,150,2024-08-08 8:00,2024-08-08 16:00,품질 검사 대기
432,432,애플파이,50,2024-08-09 8:00,2024-08-09 16:00,특별 공정 필요
433,433,꿀버터바게트,200,2024-08-10 8:00,2024-08-10 16:00,일반 작업 요청
434,434,카라멜 러스크,150,2024-08-10 8:00,2024-08-10 16:00,품질 검사 대기
435,435,카라멜 러스크,100,2024-08-10 8:00,2024-08-10 16:00,일반 작업 요청
436,436,생크림소보로,200,2024-08-11 8:00,2024-08-11 16:00,품질 검사 대기
437,437,꽈베기,150,2024-08-11 8:00,2024-08-11 16:00,일반 작업 요청
438,438,고구마케이크빵,150,2024-08-12 8:00,2024-08-12 16:00,긴급 작업 요청
439,439,베이글빵,150,2024-08-13 8:00,2024-08-13 16:00,긴급 작업 요청
440,440,우유도넛,200,2024-08-13 8:00,2024-08-13 16:00,긴급 작업 요청
441,441,우유도넛,50,2024-08-14 8:00,2024-08-14 16:00,특별 공정 필요
442,442,라우겐,150,2024-08-15 8:00,2024-08-15 16:00,긴급 작업 요청
443,443,라우겐,50,2024-08-15 8:00,2024-08-15 16:00,품질 검사 대기
444,444,꿀버터바게트,100,2024-08-16 8:00,2024-08-16 16:00,긴급 작업 요청
445,445,캐찰빵,100,2024-08-17 8:00,2024-08-17 16:00,특별 공정 필요
446,446,카라멜 러스크,200,2024-08-18 8:00,2024-08-18 16:00,긴급 작업 요청
447,447,찹쌀브레드,100,2024-08-18 8:00,2024-08-18 16:00,정시 납기 요구
448,448,찹쌀브레드,200,2024-08-19 8:00,2024-08-19 16:00,정시 납기 요구
449,449,고구마케이크빵,150,2024-08-20 8:00,2024-08-20 16:00,정시 납기 요구
450,450,애플파이,100,2024-08-21 8:00,2024-08-21 16:00,정시 납기 요구
451,451,찹쌀브레드,200,2024-08-21 8:00,2024-08-21 16:00,특별 공정 필요
452,452,찹쌀브레드,100,2024-08-21 8:00,2024-08-21 16:00,품질 검사 대기
453,453,캐찰빵,150,2024-08-22 8:00,2024-08-22 16:00,특별 공정 필요
454,454,꿀버터바게트,150,2024-08-23 8:00,2024-08-23 16:00,정시 납기 요구
455,455,꿀버터바게트,50,2024-08-23 8:00,2024-08-23 16:00,특별 공정 필요
456,456,꽈베기,150,2024-08-23 8:00,2024-08-23 16:00,품질 검사 대기
457,457,찹쌀브레드,100,2024-08-24 8:00,2024-08-24 16:00,정시 납기 요구
458,458,고구마케이크빵,100,2024-08-24 8:00,2024-08-24 16:00,특별 공정 필요
459,459,베이글빵,200,2024-08-25 8:00,2024-08-25 16:00,긴급 작업 요청
460,460,생크림소보로,150,2024-08-25 8:00,2024-08-25 16:00,품질 검사 대기
461,461,애플파이,150,2024-08-26 8:00,2024-08-26 16:00,품질 검사 대기
462,462,찹쌀브레드,100,2024-08-26 8:00,2024-08-26 16:00,특별 공정 필요
463,463,갈릭꽈베기,200,2024-08-26 8:00,2024-08-26 16:00,긴급 작업 요청
464,464,애플파이,100,2024-08-27 8:00,2024-08-27 16:00,긴급 작업 요청
465,465,캐찰빵,200,2024-08-27 8:00,2024-08-27 16:00,긴급 작업 요청
466,466,꽈베기,200,2024-08-28 8:00,2024-08-28 16:00,특별 공정 필요
467,467,갈릭꽈베기,200,2024-08-28 8:00,2024-08-28 16:00,긴급 작업 요청
468,468,생크림소보로,150,2024-08-29 8:00,2024-08-29 16:00,일반 작업 요청
469,469,꽈베기,150,2024-08-29 8:00,2024-08-29 16:00,특별 공정 필요
470,470,생크림소보로,150,2024-08-29 8:00,2024-08-29 16:00,특별 공정 필요
471,471,우유도넛,200,2024-08-30 8:00,2024-08-30 16:00,긴급 작업 요청
472,472,꿀버터바게트,50,2024-08-30 8:00,2024-08-30 16:00,특별 공정 필요
473,473,애플파이,200,2024-08-31 8:00,2024-08-31 16:00,특별 공정 필요
474,474,베이글빵,200,2024-09-01 8:00,2024-09-01 16:00,특별 공정 필요
475,475,캐찰빵,100,2024-09-01 8:00,2024-09-01 16:00,품질 검사 대기
476,476,애플파이,100,2024-09-01 8:00,2024-09-01 16:00,품질 검사 대기
477,477,찹쌀브레드,100,2024-09-02 8:00,2024-09-02 16:00,긴급 작업 요청
478,478,찹쌀브레드,200,2024-09-02 8:00,2024-09-02 16:00,긴급 작업 요청
479,479,꿀버터바게트,50,2024-09-02 8:00,2024-09-02 16:00,정시 납기 요구
480,480,라우겐,150,2024-09-03 8:00,2024-09-03 16:00,긴급 작업 요청
481,481,생크림소보로,50,2024-09-03 8:00,2024-09-03 16:00,정시 납기 요구
482,482,고구마케이크빵,50,2024-09-03 8:00,2024-09-03 16:00,긴급 작업 요청
483,483,라우겐,100,2024-09-04 8:00,2024-09-04 16:00,일반 작업 요청
484,484,캐찰빵,50,2024-09-04 8:00,2024-09-04 16:00,긴급 작업 요청
485,485,꿀버터바게트,150,2024-09-04 8:00,2024-09-04 16:00,특별 공정 필요
486,486,라우겐,200,2024-09-05 8:00,2024-09-05 16:00,정시 납기 요구
487,487,꿀버터바게트,150,2024-09-06 8:00,2024-09-06 16:00,정시 납기 요구
488,488,우유도넛,150,2024-09-06 8:00,2024-09-06 16:00,긴급 작업 요청
489,489,고구마케이크빵,150,2024-09-07 8:00,2024-09-07 16:00,정시 납기 요구
490,490,갈릭꽈베기,150,2024-09-07 8:00,2024-09-07 16:00,정시 납기 요구
491,491,고구마케이크빵,100,2024-09-07 8:00,2024-09-07 16:00,품질 검사 대기
492,492,생크림소보로,100,2024-09-08 8:00,2024-09-08 16:00,정시 납기 요구
493,493,찹쌀브레드,100,2024-09-08 8:00,2024-09-08 16:00,특별 공정 필요
494,494,갈릭꽈베기,100,2024-09-08 8:00,2024-09-08 16:00,긴급 작업 요청
495,495,꽈베기,100,2024-09-09 8:00,2024-09-09 16:00,특별 공정 필요
496,496,베이글빵,150,2024-09-09 8:00,2024-09-09 16:00,일반 작업 요청
497,497,생크림소보로,50,2024-09-09 8:00,2024-09-09 16:00,품질 검사 대기
498,498,캐찰빵,50,2024-09-10 8:00,2024-09-10 16:00,긴급 작업 요청
499,499,고구마케이크빵,200,2024-09-11 8:00,2024-09-11 16:00,특별 공정 필요
500,500,생크림소보로,150,2024-09-11 8:00,2024-09-11 16:00,품질 검사 대기
501,501,베이글빵,200,2024-09-12 8:00,2024-09-12 16:00,정시 납기 요구
502,502,카라멜 러스크,150,2024-09-12 8:00,2024-09-12 16:00,품질 검사 대기
503,503,카라멜 러스크,50,2024-09-13 8:00,2024-09-13 16:00,특별 공정 필요
504,504,꿀버터바게트,100,2024-09-13 8:00,2024-09-13 16:00,특별 공정 필요
505,505,고구마케이크빵,50,2024-09-14 8:00,2024-09-14 16:00,일반 작업 요청
506,506,카라멜 러스크,100,2024-09-14 8:00,2024-09-14 16:00,품질 검사 대기
507,507,카라멜 러스크,200,2024-09-14 8:00,2024-09-14 16:00,일반 작업 요청
508,508,단팥도넛,150,2024-09-15 8:00,2024-09-15 16:00,긴급 작업 요청
509,509,고구마케이크빵,150,2024-09-15 8:00,2024-09-15 16:00,품질 검사 대기
510,510,단팥도넛,200,2024-09-16 8:00,2024-09-16 16:00,정시 납기 요구
511,511,고구마케이크빵,100,2024-09-17 8:00,2024-09-17 16:00,긴급 작업 요청
512,512,카라멜 러스크,100,2024-09-17 8:00,2024-09-17 16:00,일반 작업 요청
513,513,고구마케이크빵,100,2024-09-17 8:00,2024-09-17 16:00,긴급 작업 요청
514,514,애플파이,150,2024-09-18 8:00,2024-09-18 16:00,긴급 작업 요청
515,515,꽈베기,50,2024-09-18 8:00,2024-09-18 16:00,정시 납기 요구
516,516,카라멜 러스크,100,2024-09-19 8:00,2024-09-19 16:00,특별 공정 필요
517,517,라우겐,50,2024-09-20 8:00,2024-09-20 16:00,일반 작업 요청
518,518,애플파이,100,2024-09-21 8:00,2024-09-21 16:00,정시 납기 요구
519,519,고구마케이크빵,200,2024-09-22 8:00,2024-09-22 16:00,정시 납기 요구
520,520,베이글빵,150,2024-09-22 8:00,2024-09-22 16:00,일반 작업 요청
521,521,우유도넛,150,2024-09-22 8:00,2024-09-22 16:00,긴급 작업 요청
522,522,갈릭꽈베기,150,2024-09-23 8:00,2024-09-23 16:00,긴급 작업 요청
523,523,캐찰빵,50,2024-09-24 8:00,2024-09-24 16:00,일반 작업 요청
524,524,꿀버터바게트,200,2024-09-24 8:00,2024-09-24 16:00,정시 납기 요구
525,525,생크림소보로,150,2024-09-25 8:00,2024-09-25 16:00,품질 검사 대기
526,526,카라멜 러스크,50,2024-09-25 8:00,2024-09-25 16:00,특별 공정 필요
527,527,갈릭꽈베기,200,2024-09-26 8:00,2024-09-26 16:00,정시 납기 요구
528,528,갈릭꽈베기,50,2024-09-27 8:00,2024-09-27 16:00,특별 공정 필요
529,529,단팥도넛,100,2024-09-27 8:00,2024-09-27 16:00,특별 공정 필요
530,530,꽈베기,150,2024-09-28 8:00,2024-09-28 16:00,정시 납기 요구
531,531,찹쌀브레드,150,2024-09-28 8:00,2024-09-28 16:00,특별 공정 필요
532,532,단팥도넛,100,2024-09-28 8:00,2024-09-28 16:00,특별 공정 필요
533,533,꿀버터바게트,200,2024-09-29 8:00,2024-09-29 16:00,정시 납기 요구
534,534,베이글빵,200,2024-09-29 8:00,2024-09-29 16:00,특별 공정 필요
535,535,고구마케이크빵,100,2024-09-29 8:00,2024-09-29 16:00,정시 납기 요구
536,536,베이글빵,150,2024-09-30 8:00,2024-09-30 16:00,품질 검사 대기
537,537,라우겐,100,2024-09-30 8:00,2024-09-30 16:00,정시 납기 요구
538,538,우유도넛,150,2024-09-30 8:00,2024-09-30 16:00,일반 작업 요청
539,539,베이글빵,100,2024-10-01 8:00,2024-10-01 16:00,정시 납기 요구
540,540,단팥도넛,150,2024-10-01 8:00,2024-10-01 16:00,일반 작업 요청
541,541,캐찰빵,200,2024-10-01 8:00,2024-10-01 16:00,특별 공정 필요
542,542,우유도넛,200,2024-10-02 8:00,2024-10-02 16:00,특별 공정 필요
543,543,찹쌀브레드,100,2024-10-02 8:00,2024-10-02 16:00,일반 작업 요청
544,544,우유도넛,150,2024-10-02 8:00,2024-10-02 16:00,긴급 작업 요청
545,545,단팥도넛,200,2024-10-03 8:00,2024-10-03 16:00,특별 공정 필요
546,546,라우겐,150,2024-10-03 8:00,2024-10-03 16:00,품질 검사 대기
547,547,꿀버터바게트,50,2024-10-04 8:00,2024-10-04 16:00,일반 작업 요청
548,548,우유도넛,200,2024-10-04 8:00,2024-10-04 16:00,긴급 작업 요청
549,549,꿀버터바게트,50,2024-10-05 8:00,2024-10-05 16:00,긴급 작업 요청
550,550,생크림소보로,150,2024-10-05 8:00,2024-10-05 16:00,품질 검사 대기
551,551,단팥도넛,200,2024-10-05 8:00,2024-10-05 16:00,품질 검사 대기
552,552,라우겐,200,2024-10-06 8:00,2024-10-06 16:00,일반 작업 요청
553,553,베이글빵,200,2024-10-06 8:00,2024-10-06 16:00,정시 납기 요구
554,554,베이글빵,100,2024-10-07 8:00,2024-10-07 16:00,긴급 작업 요청
555,555,베이글빵,200,2024-10-07 8:00,2024-10-07 16:00,특별 공정 필요
556,556,꽈베기,150,2024-10-07 8:00,2024-10-07 16:00,일반 작업 요청
557,557,우유도넛,150,2024-10-08 8:00,2024-10-08 16:00,긴급 작업 요청
558,558,갈릭꽈베기,100,2024-10-09 8:00,2024-10-09 16:00,긴급 작업 요청
559,559,갈릭꽈베기,150,2024-10-09 8:00,2024-10-09 16:00,일반 작업 요청
560,560,우유도넛,100,2024-10-10 8:00,2024-10-10 16:00,정시 납기 요구
561,561,꽈베기,100,2024-10-11 8:00,2024-10-11 16:00,품질 검사 대기
562,562,카라멜 러스크,150,2024-10-11 8:00,2024-10-11 16:00,품질 검사 대기
563,563,고구마케이크빵,100,2024-10-11 8:00,2024-10-11 16:00,품질 검사 대기
564,564,카라멜 러스크,200,2024-10-12 8:00,2024-10-12 16:00,일반 작업 요청
565,565,고구마케이크빵,50,2024-10-12 8:00,2024-10-12 16:00,정시 납기 요구
566,566,단팥도넛,100,2024-10-12 8:00,2024-10-12 16:00,긴급 작업 요청
567,567,우유도넛,50,2024-10-13 8:00,2024-10-13 16:00,특별 공정 필요
568,568,단팥도넛,150,2024-10-13 8:00,2024-10-13 16:00,품질 검사 대기
569,569,갈릭꽈베기,150,2024-10-14 8:00,2024-10-14 16:00,품질 검사 대기
570,570,베이글빵,150,2024-10-15 8:00,2024-10-15 16:00,품질 검사 대기
571,571,카라멜 러스크,150,2024-10-15 8:00,2024-10-15 16:00,특별 공정 필요
572,572,고구마케이크빵,200,2024-10-16 8:00,2024-10-16 16:00,특별 공정 필요
573,573,찹쌀브레드,150,2024-10-16 8:00,2024-10-16 16:00,긴급 작업 요청
574,574,꽈베기,150,2024-10-17 8:00,2024-10-17 16:00,긴급 작업 요청
575,575,베이글빵,150,2024-10-18 8:00,2024-10-18 16:00,긴급 작업 요청
576,576,애플파이,50,2024-10-18 8:00,2024-10-18 16:00,품질 검사 대기
577,577,단팥도넛,150,2024-10-18 8:00,2024-10-18 16:00,일반 작업 요청
578,578,고구마케이크빵,150,2024-10-19 8:00,2024-10-19 16:00,일반 작업 요청
579,579,애플파이,50,2024-10-19 8:00,2024-10-19 16:00,일반 작업 요청
580,580,애플파이,150,2024-10-19 8:00,2024-10-19 16:00,품질 검사 대기
581,581,캐찰빵,50,2024-10-20 8:00,2024-10-20 16:00,정시 납기 요구
582,582,꿀버터바게트,200,2024-10-20 8:00,2024-10-20 16:00,특별 공정 필요
583,583,꿀버터바게트,150,2024-10-20 8:00,2024-10-20 16:00,일반 작업 요청
584,584,고구마케이크빵,100,2024-10-21 8:00,2024-10-21 16:00,특별 공정 필요
585,585,베이글빵,100,2024-10-21 8:00,2024-10-21 16:00,일반 작업 요청
586,586,꽈베기,150,2024-10-21 8:00,2024-10-21 16:00,긴급 작업 요청
587,587,베이글빵,100,2024-10-22 8:00,2024-10-22 16:00,품질 검사 대기
588,588,라우겐,100,2024-10-22 8:00,2024-10-22 16:00,긴급 작업 요청
589,589,캐찰빵,100,2024-10-22 8:00,2024-10-22 16:00,일반 작업 요청
590,590,베이글빵,200,2024-10-23 8:00,2024-10-23 16:00,긴급 작업 요청
591,591,찹쌀브레드,50,2024-10-24 8:00,2024-10-24 16:00,정시 납기 요구
592,592,꿀버터바게트,200,2024-10-24 8:00,2024-10-24 16:00,특별 공정 필요
593,593,갈릭꽈베기,50,2024-10-25 8:00,2024-10-25 16:00,일반 작업 요청
594,594,애플파이,200,2024-10-26 8:00,2024-10-26 16:00,일반 작업 요청
595,595,우유도넛,200,2024-10-26 8:00,2024-10-26 16:00,품질 검사 대기
596,596,라우겐,200,2024-10-27 8:00,2024-10-27 16:00,품질 검사 대기
597,597,우유도넛,200,2024-10-27 8:00,2024-10-27 16:00,긴급 작업 요청
598,598,찹쌀브레드,200,2024-10-28 8:00,2024-10-28 16:00,정시 납기 요구
599,599,베이글빵,100,2024-10-28 8:00,2024-10-28 16:00,정시 납기 요구
600,600,갈릭꽈베기,150,2024-10-29 8:00,2024-10-29 16:00,긴급 작업 요청
601,601,애플파이,50,2024-10-29 8:00,2024-10-29 16:00,일반 작업 요청
602,602,애플파이,50,2024-10-29 8:00,2024-10-29 16:00,일반 작업 요청
603,603,찹쌀브레드,100,2024-10-30 8:00,2024-10-30 16:00,정시 납기 요구
604,604,캐찰빵,50,2024-10-30 8:00,2024-10-30 16:00,긴급 작업 요청
605,605,꿀버터바게트,50,2024-10-31 8:00,2024-10-31 16:00,품질 검사 대기
606,606,갈릭꽈베기,100,2024-11-01 8:00,2024-11-01 16:00,긴급 작업 요청
607,607,고구마케이크빵,150,2024-11-01 8:00,2024-11-01 16:00,정시 납기 요구
608,608,생크림소보로,50,2024-11-02 8:00,2024-11-02 16:00,일반 작업 요청
609,609,갈릭꽈베기,150,2024-11-02 8:00,2024-11-02 16:00,정시 납기 요구
610,610,베이글빵,100,2024-11-02 8:00,2024-11-02 16:00,품질 검사 대기
611,611,찹쌀브레드,200,2024-11-03 8:00,2024-11-03 16:00,특별 공정 필요
612,612,베이글빵,50,2024-11-04 8:00,2024-11-04 16:00,품질 검사 대기
613,613,찹쌀브레드,150,2024-11-04 8:00,2024-11-04 16:00,정시 납기 요구
614,614,찹쌀브레드,100,2024-11-04 8:00,2024-11-04 16:00,정시 납기 요구
615,615,애플파이,100,2024-11-05 8:00,2024-11-05 16:00,긴급 작업 요청
616,616,생크림소보로,150,2024-11-05 8:00,2024-11-05 16:00,특별 공정 필요
617,617,단팥도넛,200,2024-11-05 8:00,2024-11-05 16:00,품질 검사 대기
618,618,꿀버터바게트,150,2024-11-06 8:00,2024-11-06 16:00,특별 공정 필요
619,619,라우겐,200,2024-11-06 8:00,2024-11-06 16:00,특별 공정 필요
620,620,찹쌀브레드,200,2024-11-07 8:00,2024-11-07 16:00,정시 납기 요구
621,621,갈릭꽈베기,50,2024-11-07 8:00,2024-11-07 16:00,정시 납기 요구
622,622,고구마케이크빵,150,2024-11-07 8:00,2024-11-07 16:00,특별 공정 필요
623,623,생크림소보로,50,2024-11-08 8:00,2024-11-08 16:00,정시 납기 요구
624,624,베이글빵,150,2024-11-09 8:00,2024-11-09 16:00,정시 납기 요구
625,625,찹쌀브레드,100,2024-11-09 8:00,2024-11-09 16:00,품질 검사 대기
626,626,라우겐,150,2024-11-10 8:00,2024-11-10 16:00,긴급 작업 요청
627,627,우유도넛,100,2024-11-11 8:00,2024-11-11 16:00,일반 작업 요청
628,628,꽈베기,100,2024-11-11 8:00,2024-11-11 16:00,특별 공정 필요
629,629,캐찰빵,100,2024-11-11 8:00,2024-11-11 16:00,일반 작업 요청
630,630,카라멜 러스크,50,2024-11-12 8:00,2024-11-12 16:00,특별 공정 필요
631,631,고구마케이크빵,150,2024-11-12 8:00,2024-11-12 16:00,품질 검사 대기
632,632,베이글빵,100,2024-11-13 8:00,2024-11-13 16:00,정시 납기 요구
633,633,꿀버터바게트,100,2024-11-14 8:00,2024-11-14 16:00,긴급 작업 요청
634,634,찹쌀브레드,50,2024-11-14 8:00,2024-11-14 16:00,정시 납기 요구
635,635,베이글빵,200,2024-11-14 8:00,2024-11-14 16:00,특별 공정 필요
636,636,캐찰빵,100,2024-11-15 8:00,2024-11-15 16:00,정시 납기 요구
637,637,꽈베기,100,2024-11-15 8:00,2024-11-15 16:00,특별 공정 필요
638,638,꽈베기,200,2024-11-16 8:00,2024-11-16 16:00,품질 검사 대기
639,639,카라멜 러스크,50,2024-11-17 8:00,2024-11-17 16:00,일반 작업 요청
640,640,고구마케이크빵,50,2024-11-18 8:00,2024-11-18 16:00,품질 검사 대기
641,641,갈릭꽈베기,100,2024-11-18 8:00,2024-11-18 16:00,특별 공정 필요
642,642,꽈베기,200,2024-11-18 8:00,2024-11-18 16:00,특별 공정 필요
643,643,찹쌀브레드,100,2024-11-19 8:00,2024-11-19 16:00,특별 공정 필요
644,644,단팥도넛,50,2024-11-19 8:00,2024-11-19 16:00,긴급 작업 요청
645,645,단팥도넛,150,2024-11-19 8:00,2024-11-19 16:00,일반 작업 요청
646,646,갈릭꽈베기,50,2024-11-20 8:00,2024-11-20 16:00,정시 납기 요구
647,647,갈릭꽈베기,200,2024-11-20 8:00,2024-11-20 16:00,정시 납기 요구
648,648,꿀버터바게트,150,2024-11-20 8:00,2024-11-20 16:00,일반 작업 요청
649,649,단팥도넛,100,2024-11-21 8:00,2024-11-21 16:00,특별 공정 필요
650,650,꿀버터바게트,150,2024-11-21 8:00,2024-11-21 16:00,품질 검사 대기
651,651,캐찰빵,50,2024-11-21 8:00,2024-11-21 16:00,정시 납기 요구
652,652,꽈베기,200,2024-11-22 8:00,2024-11-22 16:00,일반 작업 요청
653,653,단팥도넛,50,2024-11-23 8:00,2024-11-23 16:00,품질 검사 대기
654,654,단팥도넛,150,2024-11-23 8:00,2024-11-23 16:00,품질 검사 대기
655,655,고구마케이크빵,50,2024-11-23 8:00,2024-11-23 16:00,정시 납기 요구
656,656,애플파이,200,2024-11-24 8:00,2024-11-24 16:00,품질 검사 대기
657,657,캐찰빵,150,2024-11-24 8:00,2024-11-24 16:00,정시 납기 요구
658,658,생크림소보로,100,2024-11-25 8:00,2024-11-25 16:00,정시 납기 요구
659,659,베이글빵,200,2024-11-26 8:00,2024-11-26 16:00,품질 검사 대기
660,660,라우겐,150,2024-11-26 8:00,2024-11-26 16:00,정시 납기 요구
661,661,찹쌀브레드,100,2024-11-27 8:00,2024-11-27 16:00,품질 검사 대기
662,662,캐찰빵,50,2024-11-27 8:00,2024-11-27 16:00,정시 납기 요구
663,663,갈릭꽈베기,150,2024-11-28 8:00,2024-11-28 16:00,품질 검사 대기
664,664,캐찰빵,100,2024-11-29 8:00,2024-11-29 16:00,특별 공정 필요
665,665,고구마케이크빵,200,2024-11-30 8:00,2024-11-30 16:00,정시 납기 요구
666,666,고구마케이크빵,200,2024-11-30 8:00,2024-11-30 16:00,정시 납기 요구
667,667,단팥도넛,200,2024-12-01 8:00,2024-12-01 16:00,품질 검사 대기
668,668,우유도넛,100,2024-12-02 8:00,2024-12-02 16:00,품질 검사 대기
669,669,꿀버터바게트,50,2024-12-03 8:00,2024-12-03 16:00,일반 작업 요청
670,670,애플파이,200,2024-12-04 8:00,2024-12-04 16:00,정시 납기 요구
671,671,우유도넛,100,2024-12-04 8:00,2024-12-04 16:00,일반 작업 요청
672,672,카라멜 러스크,150,2024-12-04 8:00,2024-12-04 16:00,특별 공정 필요
673,673,단팥도넛,50,2024-12-05 8:00,2024-12-05 16:00,품질 검사 대기
674,674,꿀버터바게트,50,2024-12-05 8:00,2024-12-05 16:00,정시 납기 요구
675,675,애플파이,200,2024-12-05 8:00,2024-12-05 16:00,특별 공정 필요
676,676,찹쌀브레드,200,2024-12-06 8:00,2024-12-06 16:00,정시 납기 요구
677,677,고구마케이크빵,50,2024-12-07 8:00,2024-12-07 16:00,정시 납기 요구
678,678,찹쌀브레드,50,2024-12-08 8:00,2024-12-08 16:00,긴급 작업 요청
679,679,생크림소보로,150,2024-12-09 8:00,2024-12-09 16:00,긴급 작업 요청
680,680,고구마케이크빵,50,2024-12-09 8:00,2024-12-09 16:00,일반 작업 요청
681,681,베이글빵,200,2024-12-09 8:00,2024-12-09 16:00,정시 납기 요구
682,682,캐찰빵,100,2024-12-10 8:00,2024-12-10 16:00,일반 작업 요청
683,683,고구마케이크빵,200,2024-12-10 8:00,2024-12-10 16:00,정시 납기 요구
684,684,베이글빵,50,2024-12-11 8:00,2024-12-11 16:00,품질 검사 대기
685,685,라우겐,50,2024-12-11 8:00,2024-12-11 16:00,긴급 작업 요청
686,686,찹쌀브레드,200,2024-12-11 8:00,2024-12-11 16:00,정시 납기 요구
687,687,꿀버터바게트,150,2024-12-12 8:00,2024-12-12 16:00,품질 검사 대기
688,688,베이글빵,100,2024-12-12 8:00,2024-12-12 16:00,정시 납기 요구
689,689,생크림소보로,100,2024-12-12 8:00,2024-12-12 16:00,특별 공정 필요
690,690,단팥도넛,150,2024-12-13 8:00,2024-12-13 16:00,정시 납기 요구
691,691,찹쌀브레드,200,2024-12-13 8:00,2024-12-13 16:00,일반 작업 요청
692,692,꿀버터바게트,50,2024-12-13 8:00,2024-12-13 16:00,정시 납기 요구
693,693,베이글빵,50,2024-12-14 8:00,2024-12-14 16:00,품질 검사 대기
694,694,꿀버터바게트,150,2024-12-15 8:00,2024-12-15 16:00,정시 납기 요구
695,695,베이글빵,200,2024-12-16 8:00,2024-12-16 16:00,일반 작업 요청
696,696,갈릭꽈베기,150,2024-12-17 8:00,2024-12-17 16:00,정시 납기 요구
697,697,찹쌀브레드,150,2024-12-18 8:00,2024-12-18 16:00,정시 납기 요구
698,698,단팥도넛,150,2024-12-18 8:00,2024-12-18 16:00,긴급 작업 요청
699,699,카라멜 러스크,50,2024-12-18 8:00,2024-12-18 16:00,긴급 작업 요청
700,700,꿀버터바게트,50,2024-12-19 8:00,2024-12-19 16:00,품질 검사 대기
701,701,캐찰빵,50,2024-12-20 8:00,2024-12-20 16:00,일반 작업 요청
702,702,베이글빵,150,2024-12-21 8:00,2024-12-21 16:00,특별 공정 필요
703,703,단팥도넛,200,2024-12-22 8:00,2024-12-22 16:00,품질 검사 대기
704,704,단팥도넛,100,2024-12-22 8:00,2024-12-22 16:00,일반 작업 요청
705,705,애플파이,50,2024-12-23 8:00,2024-12-23 16:00,긴급 작업 요청
706,706,캐찰빵,100,2024-12-24 8:00,2024-12-24 16:00,정시 납기 요구
707,707,단팥도넛,150,2024-12-24 8:00,2024-12-24 16:00,품질 검사 대기
708,708,애플파이,100,2024-12-24 8:00,2024-12-24 16:00,긴급 작업 요청
709,709,라우겐,50,2024-12-25 8:00,2024-12-25 16:00,정시 납기 요구
710,710,카라멜 러스크,150,2024-12-25 8:00,2024-12-25 16:00,정시 납기 요구
711,711,꿀버터바게트,200,2024-12-25 8:00,2024-12-25 16:00,품질 검사 대기
712,712,찹쌀브레드,50,2024-12-26 8:00,2024-12-26 16:00,품질 검사 대기
713,713,갈릭꽈베기,100,2024-12-26 8:00,2024-12-26 16:00,품질 검사 대기
714,714,카라멜 러스크,50,2024-12-27 8:00,2024-12-27 16:00,품질 검사 대기
715,715,생크림소보로,100,2024-12-27 8:00,2024-12-27 16:00,긴급 작업 요청
716,716,생크림소보로,50,2024-12-27 8:00,2024-12-27 16:00,일반 작업 요청
717,717,라우겐,150,2024-12-28 8:00,2024-12-28 16:00,일반 작업 요청
718,718,갈릭꽈베기,100,2024-12-28 8:00,2024-12-28 16:00,특별 공정 필요
719,719,생크림소보로,150,2024-12-28 8:00,2024-12-28 16:00,정시 납기 요구
720,720,단팥도넛,200,2024-12-29 8:00,2024-12-29 16:00,품질 검사 대기
721,721,애플파이,200,2024-12-29 8:00,2024-12-29 16:00,정시 납기 요구
722,722,애플파이,100,2024-12-30 8:00,2024-12-30 16:00,품질 검사 대기
723,723,갈릭꽈베기,100,2024-12-30 8:00,2024-12-30 16:00,품질 검사 대기
724,724,생크림소보로,150,2024-12-31 8:00,2024-12-31 16:00,특별 공정 필요
