-- 1. 제품 (Product) 테이블 더미 데이터
-- 상품 insert문
INSERT INTO ERP.Product (ProductName, ProductCategory, UnitPrice, SalePrice, ProductionDate, ProductImage, Recommend, DetailDescription)
VALUES 
('갈릭꽈베기', 'bread', 2000, 3500, '2024-01-01', '/images/bread/갈릭꽈배기.jpg', 'Y', '결결이 바삭한 식감의 패스트리에 알싸한 남해 마늘의 진한 맛과 향이 더해진 간식형 제품'),
('단팥도넛', 'bread', 2500, 3700, '2024-01-01', '/images/bread/단팥도넛.jpg', 'N', '달콤한 팥 앙금이 가득한 부드러운 도넛으로 전통과 현대의 맛이 조화로운 디저트'),
('고구마케이크빵', 'bread', 1800, 3000, '2024-01-01', '/images/bread/고구마케이크빵.jpg', 'Y', '부드러운 빵 속에 달콤한 고구마 필링이 가득한 케이크 스타일의 빵'),
('꽈베기', 'bread', 2000, 2500, '2024-01-01', '/images/bread/꽈베기.jpg', 'N', '쫄깃한 식감과 달콤한 맛이 일품인 전통적인 꽈배기'),
('라우겐', 'bread', 2400, 4000, '2024-01-01', '/images/bread/라우겐.jpg', 'Y', '독일식 프레첼 빵으로, 짭짤하고 쫄깃한 식감이 특징인 빵'),
('베이글빵', 'bread', 2000, 3800, '2024-01-01', '/images/bread/베이글빵.jpg', 'Y', '쫄깃한 식감과 부드러운 맛이 일품인 클래식한 베이글'),
('생크림소보로', 'bread', 2000, 3800, '2024-01-01', '/images/bread/생크림소보로.jpg', 'Y', '부드러운 생크림과 바삭한 소보로의 조화가 매력적인 달콤한 빵'),
('꿀버터바게트', 'bread', 2000, 3800, '2024-01-01', '/images/bread/꿀버터바게트.jpg', 'N', '바삭한 바게트에 꿀과 버터가 스며들어 고소하고 달콤한 맛이 돋보이는 빵');


-- 2. 공급업체 (Suppliers) 테이블 더미 데이터
INSERT INTO ERP.Suppliers (SupplierName, ContactInfo, Address, SupplierType, RegistrationDate)
VALUES

('공급업체X', '010-1111-2222', '서울특별시 강남구', '식자재(빵) 공급', '2024-04-01 08:00:00'),
('공급업체Y', '010-3333-4444', '서울특별시 강남구', '식자재(커피) 공급', '2024-04-02 09:00:00'),
('공급업체O', '010-1111-2222', '서울특별시 강남구', '부자재 공급', '2024-04-01 08:00:00');


-- 3 원자재 입고
INSERT INTO ERP.MaterialsInventory (SupplierID, MaterialName, Category, Unit, UnitPrice, LastUpdated)
VALUES

-- 빵 관련 식자재 (1번 공급업체)
(1, '계란', '식자재', 'g', 4, '2024-04-05 10:30:00'),          
(1, '고구마필링', '식자재', 'g', 8, '2024-04-05 10:35:00'),    
(1, '마늘', '식자재', 'g', 10, '2024-04-05 10:45:00'),          
(1, '물', '식자재', 'ml', 0.2, '2024-04-05 10:50:00'),            
(1, '밀가루', '식자재', 'g', 1.5, '2024-04-05 10:55:00'),       
(1, '베이킹소다', '식자재', 'g', 2, '2024-04-05 11:10:00'),     
(1, '베이킹파우더', '식자재', 'g', 2, '2024-04-05 11:15:00'),   
(1, '소금', '식자재', 'g', 1, '2024-04-05 11:30:00'),           
(1, '시나몬 가루', '식자재', 'g', 6, '2024-04-05 11:40:00'),    
(1, '올리브오일', '식자재', 'ml', 10, '2024-04-05 11:50:00'),   
(1, '이스트', '식자재', 'g', 3, '2024-04-05 12:00:00'),         
(1, '파슬리', '식자재', 'g', 4, '2024-04-05 12:05:00'),         
(1, '꿀', '식자재', 'g', 10, '2024-04-05 10:40:00'),            
(1, '바닐라 추출물', '식자재', 'ml', 100, '2024-04-05 11:00:00'),
(1, '버터', '식자재', 'g', 12, '2024-04-05 11:05:00'),          
(1, '생크림', '식자재', 'g', 10, '2024-04-05 11:20:00'),        
(1, '설탕', '식자재', 'g', 0.5, '2024-04-05 11:25:00'),         
(1, '팥앙금', '식자재', 'g', 7, '2024-04-05 12:10:00'),  
(1, '우유', '식자재', 'ml', 3, '2024-04-05 12:10:00'),  

-- 커피 재료 (2번 공급업체)
(2, '원두(에스프레소)', '식자재', 'g', 20, '2024-04-06 09:00:00'),     
(2, '카라멜시럽', '식자재', 'ml', 15, '2024-04-06 09:10:00'),        
(2, '초콜릿 시럽', '식자재', 'ml', 6, '2024-04-06 09:20:00'),        
(2, '콜드브루 원액', '식자재', 'ml', 6, '2024-04-06 09:30:00'),        
(2, '연유', '식자재', 'g', 2, '2024-04-06 09:40:00'),  
(2, '얼음', '식자재', 'ml', 15, '2024-04-06 09:40:00'),                 

-- 부자재 (3번 공급업체)
(3, '포장지', '포장재', '개', 20, '2024-04-06 11:00:00'),
(3, '컵(regular size)', '부자재', '개', 70, '2024-04-06 11:10:00'),
(3, '컵(extra size)', '부자재', '개', 80, '2024-04-06 11:20:00'),
(3, '빨대', '부자재', '개', 3, '2024-04-06 11:30:00'),
(3, '캐리어', '부자재', '개', 2, '2024-04-06 11:40:00');






-- 4. 원자재 재입고 이력 (RawMaterialRestockHistory) 테이블 더미 데이터
INSERT INTO ERP.RawMaterialRestockHistory (MaterialID, SupplierID, RestockQuantity, UnitPrice, RestockDate)
VALUES
(1, 1, 500, 5000, '2024-04-08 09:30:00'),
(2, 2, 300, 3000, '2024-04-09 10:00:00'),
(3, 3, 400, 10000, '2024-04-10 11:00:00');

-- 5. 생산 소비 (ProductionConsumption) 테이블 더미 데이터
INSERT INTO ERP.ProductionConsumption (MaterialID, QuantityUsed, ProductionDate)
VALUES
(1, 100, '2024-04-11 10:00:00'),
(2, 200, '2024-04-12 11:00:00'),
(3, 150, '2024-04-13 12:00:00');

-- 6. 공장 재고 (FactoryInventory) 테이블 더미 데이터
INSERT INTO ERP.FactoryInventory (ProductID, MaterialID, DisposalID, QuantityInFactory, FactoryDate)
VALUES
(1, 1, 1, 500, '2024-04-14 09:00:00'),
(2, 2, 2, 300, '2024-04-15 10:00:00'),
(3, 3, 3, 400, '2024-04-16 11:00:00');

-- 7. 폐기 기록 (DisposedRecords) 테이블 더미 데이터
INSERT INTO ERP.DisposedRecords (ProductID, QuantityDisposed, DisposalDate, DisposalReason)
VALUES
(1, 100, '2024-04-17 10:00:00', '불량품 폐기'),
(2, 200, '2024-04-18 11:00:00', '유통기한 초과'),
(3, 150, '2024-04-19 12:00:00', '고객 반품');

-- 8. 판매 기록 (SalesRecords) 테이블 더미 데이터
INSERT INTO ERP.SalesRecords (ProductID, CoffeeID, ProductName, QuantitySold, SalePrice, SaleDate, PaymentType)
VALUES
(1, 1, '갈릭꽈베기', 300, 3500, '2024-04-20 10:00:00', '카드'),
(2, 2, '단팥도넛', 150, 3700, '2024-04-21 11:00:00', '카드'),
(3, 3, '고구마케이크빵', 200, 3000, '2024-04-22 12:00:00', '카드');

-- 10. 커피 종류 (Coffee) 테이블 더미 데이터
INSERT INTO ERP.Coffee (CoffeeName, SalePrice, CoffeeImage, Recommend, Temperature, DetailDescription)
VALUES 
(1, '아메리카노', 3200, '/images/coffee/아메리카노ice.jpg', 'Y', 'ICE', '진한 에스프레소에 차가운 물을 더해 시원하고 깔끔한 맛을 느낄 수 있는 아이스 커피'),
(2, '카라멜 마끼야또', 3000, '/images/coffee/마끼야또ice.jpg', 'Y', 'ICE', '카라멜 시럽의 달콤함과 에스프레소의 진한 맛이 조화롭게 어우러진 아이스 커피'),
(3, '카페라떼', 3500, '/images/coffee/카페라떼ice.jpg', 'N', 'ICE', '에스프레소와 우유가 조화롭게 어우러진 부드러운 맛의 아이스 커피'),
(4, '바닐라라떼', 3800, '/images/coffee/바닐라라떼hot.jpg', 'Y', 'HOT', '바닐라 시럽의 달콤함과 에스프레소, 우유가 조화롭게 어우러진 따뜻한 커피'),
(5, '카푸치노', 3500, '/images/coffee/카푸치노hot.jpg', 'N', 'HOT', '에스프레소와 스팀 밀크, 우유 거품이 1:1:1 비율로 어우러진 클래식한 이탈리안 커피'),
(6, '헤이즐넛라떼', 3800, '/images/coffee/헤이즐넛라떼ice.jpg', 'Y', 'ICE', '헤이즐넛 시럽의 고소한 향과 에스프레소, 우유가 조화롭게 어우러진 시원한 라떼'),
(7, '헤이즐넛아메리카노', 3500, '/images/coffee/헤이즐넛아메리카노ice.jpg', 'N', 'ICE', '헤이즐넛 시럽의 고소함과 에스프레소의 깔끔한 맛이 어우러진 시원한 아메리카노'),
(8, '바닐라아메리카노', 3500, '/images/coffee/바닐라아메리카노ice.jpg', 'Y', 'ICE', '바닐라 시럽의 달콤함과 에스프레소의 깊은 맛이 조화를 이루는 시원한 아메리카노'),
(9, '카페모카', 4000, '/images/coffee/카페모카hot.jpg', 'Y', 'HOT', '초콜릿의 달콤함과 에스프레소의 쌉쌀함이 어우러진 따뜻한 모카 커피'),
(10, '콜드브루라떼', 4200, '/images/coffee/콜드브루라떼hot.jpg', 'N', 'HOT', '차갑게 추출한 콜드브루 커피에 따뜻한 우유를 더해 부드러운 맛을 즐길 수 있는 라떼'),
(11, '헤이즐넛라떼', 3800, '/images/coffee/헤이즐넛라떼hot.jpg', 'Y', 'HOT', '헤이즐넛 시럽의 고소한 향과 에스프레소, 스팀 밀크가 어우러진 따뜻한 라떼'),
(12, '헤이즐넛아메리카노', 3500, '/images/coffee/헤이즐넛아메리카노hot.jpg', 'N', 'HOT', '헤이즐넛 시럽의 고소함과 에스프레소의 깊은 맛이 어우러진 따뜻한 아메리카노'),
(13, '연유라떼', 4000, '/images/coffee/연유라떼ice.jpg', 'Y', 'ICE', '달콤한 연유와 에스프레소, 차가운 우유가 조화롭게 어우러진 시원한 라떼'),
(14, '에스프레소', 2500, '/images/coffee/에스프레소hot.jpg', 'N', 'HOT', '진한 커피의 맛과 향을 온전히 즐길 수 있는 에스프레소 샷');

-- 11.작업 주문 (WorkOrders) 테이블 더미 데이터 (1~2시간 전에 종료되도록 수정)
INSERT INTO ERP.WorkOrders (ProductID, Quantity, StartDate, EndDate, Status, Priority, WeighingComplete, DoughComplete, FirstFermentationComplete, DivisionComplete, RoundingComplete, IntermediateFermentationComplete, ShapingComplete, PanningComplete, SecondFermentationComplete, BakingComplete, CoolingComplete, PackagingComplete)
VALUES
(1, 500, '2024-04-23 08:00:00', '2024-04-23 13:30:00', '진행 중', '높음', TRUE, TRUE, TRUE, TRUE, TRUE, TRUE, TRUE, TRUE, TRUE, TRUE, FALSE, FALSE), 
(2, 300, '2024-05-01 09:00:00', '2024-05-01 14:00:00', '대기', '중간', TRUE, TRUE, TRUE, FALSE, FALSE, FALSE, FALSE, FALSE, FALSE, FALSE, FALSE, FALSE), 
(3, 400, '2024-05-06 10:00:00', '2024-05-06 15:30:00', '완료', '낮음', TRUE, TRUE, TRUE, TRUE, TRUE, TRUE, TRUE, TRUE, TRUE, TRUE, TRUE, TRUE), 
(4, 200, '2024-05-10 08:30:00', '2024-05-10 12:30:00', '진행 중', '높음', TRUE, TRUE, TRUE, FALSE, FALSE, FALSE, FALSE, FALSE, FALSE, FALSE, FALSE, FALSE), 
(5, 350, '2024-06-01 07:45:00', '2024-06-01 12:45:00', '대기', '낮음', TRUE, TRUE, TRUE, TRUE, FALSE, FALSE, FALSE, FALSE, FALSE, FALSE, FALSE, FALSE); 




-- 12. 생산 계획 (ProductionPlanning) 테이블 더미 데이터
INSERT INTO ERP.ProductionPlanning (OrderID, ProductID, RequiredDate, StartDate, EndDate)
VALUES
(1, 1, '2024-04-23 15:30:00', '2024-04-23 08:00:00', '2024-04-23 13:30:00'), 
(2, 2, '2024-05-01 16:00:00', '2024-05-01 09:00:00', '2024-05-01 14:00:00'), 
(3, 3, '2024-05-06 17:30:00', '2024-05-06 10:00:00', '2024-05-06 15:30:00'), 
(4, 4, '2024-05-10 14:30:00', '2024-05-10 08:30:00', '2024-05-10 12:30:00'), 
(5, 5, '2024-06-01 15:45:00', '2024-06-01 07:45:00', '2024-06-01 13:45:00'); 
-- 사용시 쿼리문 옮길예정
-- SELECT 
--     pp.OrderID,
--     pp.ProductID,
--     pp.RequiredDate,
--     pp.StartDate,
--     pp.EndDate,
--     mbom.MaterialID,
--     mbom.ProductName,
--     mbom.Quantity AS RequiredMaterialQuantity,
--     mbom.UnitPrice,
--     (mbom.Quantity * mbom.UnitPrice) AS TotalMaterialCost
-- FROM 
--     ERP.ProductionPlanning pp
-- JOIN 
--     ERP.MBOM mbom
--     ON pp.ProductID = mbom.ProductID
-- WHERE 
--     pp.OrderID = ?;  -- 특정 OrderID를 조회할 경우 ? 부분에 원하는 OrderID를 넣습니다.

-- 13. 생산 모니터링 (ProductionMonitoring) 테이블 더미 데이터 (OrderID 1, 4가 진행 중인 작업)
INSERT INTO ERP.ProductionMonitoring (OrderID, Temperature, Humidity, ProductionRate, OperationTime, StartTime)
VALUES
-- 진행 중인 작업 (OrderID 1) (온도와 습도를 적정 범위 내에서 설정)
(1, 28.0, 65, 83, 256, '2024-04-23 08:00:00'), -- 적정 온도 28°C+-5, 적정 습도 65%+-5
-- 진행 중인 작업 (OrderID 4) (온도와 습도를 적정 범위 내에서 설정)
(4, 27.5, 67, 25, 93, '2024-05-10 08:30:00'); -- 적정 온도 27.5°C+-5, 적정 습도 67%+-5




-- 14. 생산입고 (ProductionEntry) 테이블 더미 데이터 (20분 후 입고되도록 수정)
INSERT INTO ERP.ProductionEntry (OrderID, ProductID, Quantity, EntryDate)
VALUES
(1, 1, 500, '2024-04-23 13:50:00'), 
(2, 2, 300, '2024-05-01 14:20:00'), 
(3, 3, 400, '2024-05-06 15:50:00'), 
(4, 4, 200, '2024-05-10 12:50:00'), 
(5, 5, 350, '2024-06-01 13:05:00'); 

-- 15. 품질 관리 (QualityControl) 테이블 더미 데이터 (입고 후 10분 이내에 검사되도록 수정)
INSERT INTO ERP.QualityControl (EntryID, ProductID, TestResult, TestDate, DefectRate)
VALUES
(1, 1, '합격', '2024-04-23 14:00:00', 2), 
(2, 2, '불합격', '2024-05-01 14:30:00', 10), 
(3, 3, '합격', '2024-05-06 16:00:00', 0), 
(4, 4, '합격', '2024-05-10 13:00:00', 1), 
(5, 5, '합격', '2024-06-01 13:15:00', 0); 

-- 16. 매장 재고 (StoreInventory) 테이블 더미 데이터

INSERT INTO ERP.StoreInventory (ProductID, MaterialID, SaleID, DisposalID, QuantityInStore, StoreDate)
VALUES
(1, 1, 1, 1, 500, '2024-05-14 10:00:00'),
(2, 2, 2, 2, 300, '2024-05-15 11:00:00'),
(3, 3, 3, 3, 400, '2024-05-16 12:00:00');


-- 17. MBOM (MBOM) 테이블 더미 데이터
-- MBOM 테이블에 데이터 삽입 (단가 및 총 원가 포함)
INSERT INTO ERP.MBOM (ProductID, MaterialID, ProductName, Quantity, Unit, UnitPrice, TotalCost)
VALUES
-- 갈릭꽈베기 885원
(1, 5, '갈릭꽈베기', 50, 'g', 1.5, 50 * 1.5),   -- 밀가루
(1, 3, '갈릭꽈베기', 50, 'g', 10, 50 * 10),     -- 마늘
(1, 17, '갈릭꽈베기', 10, 'g', 0.5, 10 * 0.5),  -- 설탕
(1, 15, '갈릭꽈베기', 10, 'g', 12, 10 * 12),      -- 버터
(1, 19, '갈릭꽈베기', 20, 'ml', 3, 20 * 3),     -- 우유
(1, 11, '갈릭꽈베기', 5, 'g', 3, 5 * 3),          -- 이스트
(1, 25, '갈릭꽈베기', 10, 'ml', 10, 10 * 10),     -- 올리브오일
(1, 30, '갈릭꽈베기', 1, 'ea', 10, 10),           -- 포장지

-- 고구마케이크빵 730원
(2, 5, '고구마케이크빵', 50, 'g', 1.5, 50 * 1.5),  -- 밀가루
(2, 2, '고구마케이크빵', 30, 'g', 12, 30 * 12),    -- 고구마필링
(2, 17, '고구마케이크빵', 20, 'g', 0.5, 20 * 0.5),   -- 설탕
(2, 19, '고구마케이크빵', 10, 'ml', 8, 10 * 8),    -- 우유
(2, 15, '고구마케이크빵', 10, 'ml', 12, 10 * 12),    -- 버터
(2, 9, '고구마케이크빵', 10, 'g', 6, 10 * 6),        -- 시나몬 가루
(2, 11, '고구마케이크빵', 5, 'g', 3, 5 * 3),         -- 이스트
(2, 30, '고구마케이크빵', 1, 'ea', 10, 10),          -- 포장지

-- 꽈베기  475원
(3, 5, '꽈베기', 30, 'g', 1.5, 30 * 1.5),    -- 밀가루
(3, 17, '꽈베기', 10, 'g', 0.5, 10 * 0.5),     -- 설탕
(3, 11, '꽈베기', 5, 'g', 3, 5 * 3),           -- 이스트
(3, 8, '꽈베기', 5, 'g', 2, 5 * 2),          -- 소금
(3, 25, '꽈베기', 20, 'ml', 18, 20 * 18),      -- 식용유
(3, 9, '꽈베기', 5, 'g', 6, 5 * 6),            -- 시나몬 가루
(3, 30, '꽈베기', 1, 'ea', 10, 10),            -- 포장지

-- 라우겐 775원
(4, 5, '라우겐', 100, 'g', 1.5, 100 * 1.5),   -- 밀가루
(4, 17, '라우겐', 20, 'g', 0.5, 20 * 0.5),    -- 설탕
(4, 19, '라우겐', 50, 'ml', 8, 50 * 8),     -- 우유
(4, 11, '라우겐', 5, 'g', 3, 5 * 3),          -- 이스트
(4, 8, '라우겐', 5, 'g', 2, 5 * 2),         -- 소금
(4, 9, '라우겐', 10, 'g', 6, 10 * 6),         -- 시나몬 가루
(4, 15, '라우겐', 10, 'g', 12, 10 * 12),      -- 버터
(4, 30, '라우겐', 1, 'ea', 10, 10),           -- 포장지

-- 베이글빵 315원
(5, 5, '베이글빵', 50, 'g', 1.5, 50 * 1.5),  -- 밀가루
(5, 17, '베이글빵', 30, 'g', 0.5, 30 * 0.5),   -- 설탕
(5, 19, '베이글빵', 20, 'ml', 8, 20 * 8),    -- 우유
(5, 11, '베이글빵', 5, 'g', 3, 5 * 3),         -- 이스트
(5, 8, '베이글빵', 5, 'g', 2, 5 * 2),        -- 소금
(5, 9, '베이글빵', 5, 'g', 6, 5 * 6),          -- 시나몬 가루
(5, 30, '베이글빵', 1, 'ea', 10, 10),          -- 포장지

-- 생크림소보로 1225원
(6, 5, '생크림소보로', 40, 'g', 1.5, 40 * 1.5),  -- 밀가루
(6, 17, '생크림소보로', 20, 'g', 0.5, 20 * 0.5),   -- 설탕
(6, 19, '생크림소보로', 20, 'ml', 8, 20 * 8),    -- 우유
(6, 15, '생크림소보로', 10, 'g', 12, 10 * 12),     -- 버터
(6, 18, '생크림소보로', 40, 'g', 20, 40 * 20),   -- 생크림
(6, 9, '생크림소보로', 5, 'g', 6, 5 * 6),          -- 시나몬 가루
(6, 8, '생크림소보로', 10, 'g', 2, 10 * 2),        -- 소금
(6, 11, '생크림소보로', 5, 'g', 3, 5 * 3),         -- 이스트
(6, 30, '생크림소보로', 1, 'ea', 10, 10),         -- 포장지


-- 꿀버터바게트 1085원
(7, 5, '꿀버터바게트', 60, 'g', 1.5, 60 * 1.5),  -- 밀가루
(7, 17, '꿀버터바게트', 20, 'g', 0.5, 20 * 0.5),   -- 설탕
(7, 19, '꿀버터바게트', 20, 'ml', 8, 20 * 8),    -- 우유
(7, 11, '꿀버터바게트', 5, 'g', 3, 5 * 3),         -- 이스트
(7, 8, '꿀버터바게트', 10, 'g', 2, 10 * 2),        -- 소금
(7, 25, '꿀버터바게트', 30, 'ml', 25, 30 * 25),    -- 꿀
(7, 9, '꿀버터바게트', 5, 'g', 6, 5 * 6),          -- 시나몬 가루
(7, 30, '꿀버터바게트', 1, 'ea', 10, 10),          -- 포장지

-- 애플파이 425원
(8, 5, '애플파이', 40, 'g', 1.5, 40 * 1.5),   -- 밀가루
(8, 17, '애플파이', 20, 'g', 0.5, 20 * 0.5),    -- 설탕
(8, 19, '애플파이', 20, 'ml', 8, 20 * 8),     -- 우유
(8, 11, '애플파이', 5, 'g', 3, 5 * 3),          -- 이스트
(8, 8, '애플파이', 10, 'g', 2, 10 * 2),         -- 소금
(8, 15, '애플파이', 10, 'g', 12, 10 * 12),      -- 버터
(8, 9, '애플파이', 5, 'g', 6, 5 * 6),           -- 시나몬 가루
(8, 30, '애플파이', 1, 'ea', 10, 10),           -- 포장지

-- 찹쌀브레드 1395원
(9, 5, '찹쌀브레드', 100, 'g', 1.5, 100 * 1.5),   -- 밀가루
(9, 26, '찹쌀브레드', 50, 'g', 20, 50 * 20),    -- 찹쌀
(9, 17, '찹쌀브레드', 20, 'g', 0.5, 20 * 0.5),    -- 설탕
(9, 19, '찹쌀브레드', 20, 'ml', 8, 20 * 8),     -- 우유
(9, 11, '찹쌀브레드', 5, 'g', 3, 5 * 3),          -- 이스트
(9, 8, '찹쌀브레드', 10, 'g', 2, 10 * 2),         -- 소금
(9, 9, '찹쌀브레드', 5, 'g', 6, 5 * 6),           -- 시나몬 가루
(9, 30, '찹쌀브레드', 1, 'ea', 10, 10),           -- 포장지

-- 카라멜러스크 540원
(10, 5, '카라멜러스크', 40, 'g', 1.5, 40 * 1.5),  -- 밀가루
(10, 17, '카라멜러스크', 10, 'g', 0.5, 10 * 0.5),   -- 설탕
(10, 4, '카라멜러스크', 10, 'ml', 15, 10 * 15),     -- 카라멜 시럽
(10, 19, '카라멜러스크', 20, 'ml', 8, 20 * 8),    -- 우유
(10, 11, '카라멜러스크', 5, 'g', 3, 5 * 3),         -- 이스트
(10, 8, '카라멜러스크', 10, 'g', 2, 10 * 2),        -- 소금
(10, 15, '카라멜러스크', 10, 'g', 12, 10 * 12),     -- 버터
(10, 30, '카라멜러스크', 1, 'ea', 10, 10),          -- 포장지

-- 캐찰빵 315원
(11, 5, '캐찰빵', 50, 'g', 1.5, 50 * 1.5),   -- 밀가루
(11, 17, '캐찰빵', 10, 'g', 0.5, 10 * 0.5),    -- 설탕
(11, 19, '캐찰빵', 20, 'ml', 8, 20 * 8),     -- 우유
(11, 11, '캐찰빵', 5, 'g', 3, 5 * 3),          -- 이스트
(11, 8, '캐찰빵', 10, 'g', 2, 10 * 2),         -- 소금
(11, 9, '캐찰빵', 5, 'g', 6, 5 * 6),           -- 시나몬 가루
(11, 30, '캐찰빵', 1, 'ea', 10, 10),           -- 포장지

-- 카스테라우유크림볼 2235원
(12, 5, '카스테라우유크림볼', 100, 'g', 1.5, 100 * 1.5),  -- 밀가루
(12, 17, '카스테라우유크림볼', 20, 'g', 0.5, 20 * 0.5),   -- 설탕
(12, 19, '카스테라우유크림볼', 20, 'ml', 8, 20 * 8),    -- 우유
(12, 18, '카스테라우유크림볼', 80, 'g', 20, 80 * 20),   -- 생크림
(12, 11, '카스테라우유크림볼', 5, 'g', 3, 5 * 3),         -- 이스트
(12, 9, '카스테라우유크림볼', 5, 'g', 6, 5 * 6),          -- 시나몬 가루
(12, 8, '카스테라우유크림볼', 10, 'g', 2, 10 * 2),        -- 소금
(12, 15, '카스테라우유크림볼', 20, 'g', 12, 20 * 12),     -- 버터
(12, 30, '카스테라우유크림볼', 1, 'ea', 10, 10),          -- 포장지



-- 커피
-- 아메리카노 790원
(1, 1, '아메리카노', 20, 'g', 20, 20 * 20), -- 원두(에스프레소)
(1, 2, '아메리카노', 100, 'ml', 0.2, 100 * 0.2), -- 물
(1, 6, '아메리카노', 150, 'ml', 2, 150 * 2), -- 얼음
(1, 7, '아메리카노', 1, 'ea', 70, 70), -- 컵(regular size)

-- 카라멜 마끼야또 1392.5원
(2, 1, '카라멜 마끼야또', 20, 'g', 20, 20 * 20),  -- 원두(에스프레소)
(2, 3, '카라멜 마끼야또', 15, 'ml', 1.5, 15 * 1.5), -- 카라멜 시럽
(2, 4, '카라멜 마끼야또', 100, 'ml', 3, 100 * 3), -- 우유
(2, 6, '카라멜 마끼야또', 150, 'ml', 2, 150 * 2), -- 얼음
(2, 7, '카라멜 마끼야또', 1, 'ea', 70, 70), -- 컵(regular size)

-- 카페라떼 1070원
(3, 1, '카페라떼', 20, 'g', 20, 20 * 20),  -- 원두(에스프레소)
(3, 4, '카페라떼', 100, 'ml', 3, 100 * 3), -- 우유
(3, 6, '카페라떼', 150, 'ml', 2, 150 * 2), -- 얼음
(3, 7, '카페라떼', 1, 'ea', 70, 70), -- 컵(regular size)


-- 바닐라라떼 1220원
(4, 1, '바닐라라떼', 20, 'g', 20, 20 * 20),  -- 원두(에스프레소)
(4, 4, '바닐라라떼', 100, 'ml', 3, 100 * 3), -- 우유
(4, 5, '바닐라라떼', 15, 'ml', 10, 15 * 10), -- 바닐라 시럽
(4, 6, '바닐라라떼', 150, 'ml', 2, 150 * 2), -- 얼음
(4, 7, '바닐라라떼', 1, 'ea', 70, 70), -- 컵(regular size)


-- 카푸치노 1070원
(5, 1, '카푸치노', 20, 'g', 20, 20 * 20),  -- 원두(에스프레소)
(5, 4, '카푸치노', 100, 'ml', 3, 100 * 3), -- 우유
(5, 6, '카푸치노', 150, 'ml', 2, 150 * 2), -- 얼음
(5, 7, '카푸치노', 1, 'ea', 70, 70), -- 컵(regular size)


-- 헤이즐넛라떼 1270원
(6, 1, '헤이즐넛라떼', 20, 'g', 20, 20 * 20),  -- 원두(에스프레소)
(6, 4, '헤이즐넛라떼', 100, 'ml', 3, 100 * 3), -- 우유
(6, 5, '헤이즐넛라떼', 15, 'ml', 10, 15 * 10), -- 헤이즐넛 시럽
(6, 6, '헤이즐넛라떼', 150, 'ml', 2, 150 * 2), -- 얼음
(6, 7, '헤이즐넛라떼', 1, 'ea', 70, 70), -- 컵(regular size)


-- 헤이즐넛 아메리카노 970원
(7, 1, '헤이즐넛 아메리카노', 20, 'g', 20, 20 * 20),  -- 원두(에스프레소)
(7, 5, '헤이즐넛 아메리카노', 15, 'ml', 10, 15 * 10), -- 헤이즐넛 시럽
(7, 2, '헤이즐넛 아메리카노', 100, 'ml', 0.2, 100 * 0.2), -- 물
(7, 6, '헤이즐넛 아메리카노', 150, 'ml', 2, 150 * 2), -- 얼음
(7, 7, '헤이즐넛 아메리카노', 1, 'ea', 70, 70), -- 컵(regular size)


-- 바닐라 아메리카노 1220원
(8, 1, '바닐라 아메리카노', 20, 'g', 20, 20 * 20),  -- 원두(에스프레소)
(8, 5, '바닐라 아메리카노', 15, 'ml', 10, 15 * 10), -- 바닐라 시럽
(8, 2, '바닐라 아메리카노', 100, 'ml', 0.2, 100 * 0.2), -- 물
(8, 6, '바닐라 아메리카노', 150, 'ml', 2, 150 * 2), -- 얼음
(8, 7, '바닐라 아메리카노', 1, 'ea', 70, 70), -- 컵(regular size)


-- 콜드브루라떼 1630원
(10, 1, '콜드브루라떼', 20, 'g', 20, 20 * 20),   -- 원두(에스프레소)
(10, 4, '콜드브루라떼', 100, 'ml', 3, 100 * 3),  -- 우유
(10, 6, '콜드브루라떼', 150, 'ml', 2, 150 * 2),  -- 얼음
(10, 7, '콜드브루라떼', 1, 'ea', 70, 70),        -- 컵(regular size)


-- 헤이즐넛라떼(핫) 1370원
(11, 1, '헤이즐넛라떼', 20, 'g', 20, 20 * 20),    -- 원두(에스프레소)
(11, 5, '헤이즐넛라떼', 15, 'ml', 10, 15 * 10),   -- 헤이즐넛 시럽
(11, 4, '헤이즐넛라떼', 100, 'ml', 3, 100 * 3),   -- 우유
(11, 7, '헤이즐넛라떼', 1, 'ea', 70, 70),         -- 컵(regular size)


-- 헤이즐넛아메리카노(핫) 970원
(12, 1, '헤이즐넛아메리카노', 20, 'g', 20, 20 * 20),  -- 원두(에스프레소)
(12, 5, '헤이즐넛아메리카노', 15, 'ml', 10, 15 * 10), -- 헤이즐넛 시럽
(12, 2, '헤이즐넛아메리카노', 100, 'ml', 0.2, 100 * 0.2), -- 물
(12, 7, '헤이즐넛아메리카노', 1, 'ea', 70, 70), -- 컵(regular size)

-- 연유라떼 1470원
(13, 1, '연유라떼', 20, 'g', 20, 20 * 20),   -- 원두(에스프레소)
(13, 6, '연유라떼', 150, 'ml', 2, 150 * 2),  -- 얼음
(13, 4, '연유라떼', 100, 'ml', 3, 100 * 3),  -- 우유
(13, 5, '연유라떼', 20, 'g', 2, 20 * 2),     -- 연유
(13, 7, '연유라떼', 1, 'ea', 70, 70),        -- 컵(regular size)


-- 에스프레소(엑스트라) 470원 (에스프레소는 용량 변경 없음,차가운것도없음)
(14, 1, '에스프레소(엑스트라)', 20, 'g', 20, 20 * 20),  -- 원두(에스프레소)
(14, 8, '에스프레소(엑스트라)', 1, 'ea', 70, 70),       -- 컵(regular size)

-- 엑스트라-----------------------------------------------------------------------
-- 아메리카노 1210원

(1, 1, '아메리카노(엑스트라)', 30, 'g', 20, 30 * 20),  -- 원두(에스프레소)
(1, 2, '아메리카노(엑스트라)', 150, 'ml', 0.2, 150 * 0.2), -- 물
(1, 6, '아메리카노(엑스트라)', 250, 'ml', 2, 250 * 2), -- 얼음
(1, 8, '아메리카노(엑스트라)', 1, 'ea', 80, 80),      -- 컵(extra size)


-- 카라멜 마끼야또 1660원

(2, 1, '카라멜 마끼야또(엑스트라)', 30, 'g', 20, 30 * 20),  -- 원두(에스프레소)
(2, 3, '카라멜 마끼야또(엑스트라)', 20, 'ml', 1.5, 20 * 1.5), -- 카라멜 시럽
(2, 4, '카라멜 마끼야또(엑스트라)', 150, 'ml', 3, 150 * 3), -- 우유
(2, 6, '카라멜 마끼야또(엑스트라)', 250, 'ml', 2, 250 * 2), -- 얼음
(2, 8, '카라멜 마끼야또(엑스트라)', 1, 'ea', 80, 80),      -- 컵(extra size)


-- 카페라떼 1630원

(3, 1, '카페라떼(엑스트라)', 30, 'g', 20, 30 * 20),  -- 원두(에스프레소)
(3, 4, '카페라떼(엑스트라)', 150, 'ml', 3, 150 * 3), -- 우유
(3, 6, '카페라떼(엑스트라)', 250, 'ml', 2, 250 * 2), -- 얼음
(3, 8, '카페라떼(엑스트라)', 1, 'ea', 80, 80),      -- 컵(extra size)


-- 바닐라라떼 1830원

(4, 1, '바닐라라떼(엑스트라)', 30, 'g', 20, 30 * 20),  -- 원두(에스프레소)
(4, 4, '바닐라라떼(엑스트라)', 150, 'ml', 3, 150 * 3), -- 우유
(4, 5, '바닐라라떼(엑스트라)', 20, 'ml', 10, 20 * 10), -- 바닐라 시럽
(4, 6, '바닐라라떼(엑스트라)', 250, 'ml', 2, 250 * 2), -- 얼음
(4, 8, '바닐라라떼(엑스트라)', 1, 'ea', 80, 80),      -- 컵(extra size)


-- 카푸치노 1630원

(5, 1, '카푸치노(엑스트라)', 30, 'g', 20, 30 * 20),  -- 원두(에스프레소)
(5, 4, '카푸치노(엑스트라)', 150, 'ml', 3, 150 * 3), -- 우유
(5, 6, '카푸치노(엑스트라)', 250, 'ml', 2, 250 * 2), -- 얼음
(5, 8, '카푸치노(엑스트라)', 1, 'ea', 80, 80),      -- 컵(extra size)


-- 헤이즐넛라떼 1830원

(6, 1, '헤이즐넛라떼(엑스트라)', 30, 'g', 20, 30 * 20),  -- 원두(에스프레소)
(6, 4, '헤이즐넛라떼(엑스트라)', 150, 'ml', 3, 150 * 3), -- 우유
(6, 5, '헤이즐넛라떼(엑스트라)', 20, 'ml', 10, 20 * 10), -- 헤이즐넛 시럽
(6, 6, '헤이즐넛라떼(엑스트라)', 250, 'ml', 2, 250 * 2), -- 얼음
(6, 8, '헤이즐넛라떼(엑스트라)', 1, 'ea', 80, 80),      -- 컵(extra size)


-- 헤이즐넛 아메리카노 1410원

(7, 1, '헤이즐넛 아메리카노(엑스트라)', 30, 'g', 20, 30 * 20),  -- 원두(에스프레소)
(7, 5, '헤이즐넛 아메리카노(엑스트라)', 20, 'ml', 10, 20 * 10), -- 헤이즐넛 시럽
(7, 2, '헤이즐넛 아메리카노(엑스트라)', 150, 'ml', 0.2, 150 * 0.2), -- 물
(7, 6, '헤이즐넛 아메리카노(엑스트라)', 250, 'ml', 2, 250 * 2), -- 얼음
(7, 8, '헤이즐넛 아메리카노(엑스트라)', 1, 'ea', 80, 80),      -- 컵(extra size)


-- 바닐라 아메리카노 1410원
(8, 1, '바닐라 아메리카노(엑스트라)', 30, 'g', 20, 30 * 20),  -- 원두(에스프레소)
(8, 5, '바닐라 아메리카노(엑스트라)', 20, 'ml', 10, 20 * 10), -- 바닐라 시럽
(8, 2, '바닐라 아메리카노(엑스트라)', 150, 'ml', 0.2, 150 * 0.2), -- 물
(8, 6, '바닐라 아메리카노(엑스트라)', 250, 'ml', 2, 250 * 2), -- 얼음
(8, 8, '바닐라 아메리카노(엑스트라)', 1, 'ea', 80, 80),      -- 컵(extra size)


-- 콜드브루라떼(엑스트라) 1630원
(10, 1, '콜드브루라떼(엑스트라)', 30, 'g', 20, 30 * 20),    -- 원두(에스프레소)
(10, 4, '콜드브루라떼(엑스트라)', 150, 'ml', 3, 150 * 3),   -- 우유
(10, 6, '콜드브루라떼(엑스트라)', 250, 'ml', 2, 250 * 2),   -- 얼음
(10, 8, '콜드브루라떼(엑스트라)', 1, 'ea', 80, 80),         -- 컵(extra size)


-- 헤이즐넛라떼(핫, 엑스트라) 1330원
(11, 1, '헤이즐넛라떼(엑스트라)', 30, 'g', 20, 30 * 20),    -- 원두(에스프레소)
(11, 5, '헤이즐넛라떼(엑스트라)', 20, 'ml', 10, 20 * 10),   -- 헤이즐넛 시럽
(11, 4, '헤이즐넛라떼(엑스트라)', 150, 'ml', 3, 150 * 3),   -- 우유
(11, 8, '헤이즐넛라떼(엑스트라)', 1, 'ea', 80, 80),         -- 컵(extra size)


-- 헤이즐넛아메리카노(핫, 엑스트라) 910원
(12, 1, '헤이즐넛아메리카노(엑스트라)', 30, 'g', 20, 30 * 20),  -- 원두(에스프레소)
(12, 5, '헤이즐넛아메리카노(엑스트라)', 20, 'ml', 10, 20 * 10), -- 헤이즐넛 시럽
(12, 2, '헤이즐넛아메리카노(엑스트라)', 150, 'ml', 0.2, 150 * 0.2), -- 물
(12, 8, '헤이즐넛아메리카노(엑스트라)', 1, 'ea', 80, 80),      -- 컵(extra size)


-- 연유라떼(엑스트라) 1690원
(13, 1, '연유라떼(엑스트라)', 30, 'g', 20, 30 * 20),    -- 원두(에스프레소)
(13, 6, '연유라떼(엑스트라)', 250, 'ml', 2, 250 * 2),   -- 얼음
(13, 4, '연유라떼(엑스트라)', 150, 'ml', 3, 150 * 3),   -- 우유
(13, 5, '연유라떼(엑스트라)', 30, 'g', 2, 30 * 2),      -- 연유
(13, 8, '연유라떼(엑스트라)', 1, 'ea', 80, 80);        -- 컵(extra size)




-- 18. 사용자 (Users) 테이블 더미 데이터
INSERT INTO ERP.Users (UserID, Name, PhoneNumber, Email, Username, Password)
VALUES
('user003', '박민수', '010-5555-6666', 'minsoo@example.com', 'minsoo', 'pass9101');

-- 19. 커피 재료 테이블 더미 데이터
INSERT INTO ERP.coffee_materials (CoffeeID, MaterialID, RawMaterialQuantity)
VALUES
(1, 1, 50),  -- 아메리카노에 자재 1번 사용, 50 단위
(2, 2, 30),  -- 카라멜 마끼야또에 자재 2번 사용, 30 단위
(3, 3, 20);  -- 카페라떼에 자재 3번 사용, 20 단위
-- 1. Product 테이블 조회 (완료)
SELECT * FROM ERP.Product;

-- 2. Coffee 테이블 조회 (완료)
SELECT * FROM ERP.Coffee;

-- 3. Suppliers 테이블 조회 (완료)
SELECT * FROM ERP.Suppliers;

-- 4. MaterialsInventory 테이블 조회 (완료)
SELECT * FROM ERP.MaterialsInventory;

-- 5. RawMaterialRestockHistory 테이블 조회 (완료)
SELECT * FROM ERP.RawMaterialRestockHistory;

-- 6. ProductionConsumption 테이블 조회 (완료)
SELECT * FROM ERP.ProductionConsumption;

-- 7. FactoryInventory 테이블 조회 (완료)
SELECT * FROM ERP.FactoryInventory;

-- 8. DisposedRecords 테이블 조회 (완료)
SELECT * FROM ERP.DisposedRecords;

-- 9. SalesRecords 테이블 조회 (완료)
SELECT * FROM ERP.SalesRecords;

-- 10. WorkOrders 테이블 조회 (완료)
SELECT * FROM ERP.WorkOrders;

-- 11. ProductionPlanning 테이블 조회 (완료)
SELECT * FROM ERP.ProductionPlanning;

-- 12. ProductionMonitoring 테이블 조회 (완료)
SELECT * FROM ERP.ProductionMonitoring;

-- 13. ProductionEntry 테이블 조회 (완료)
SELECT * FROM ERP.ProductionEntry;

-- 14. QualityControl 테이블 조회 (완료)
SELECT * FROM ERP.QualityControl;

-- 15. StoreInventory 테이블 조회
SELECT * FROM ERP.StoreInventory;

-- 16. MBOM 테이블 조회 (완료)
SELECT * FROM ERP.MBOM;

-- 17. Users 테이블 조회 (완료)
SELECT * FROM ERP.Users;

-- 18. Untitled 테이블 조회 (커피 재료)
SELECT * FROM ERP.coffee_materials;
